Type,id,location,transforms--timedata,transforms--constraints--BalanceConstraint,transforms--nh3_production,transforms--electricity_consumption,transforms--capture_rate,transforms--co2_content,transforms--emission_rate,edges--biomass_edge--commodity,edges--biomass_edge--unidirectional,edges--biomass_edge--has_capacity,edges--biomass_edge--can_expand,edges--biomass_edge--lifetime,edges--biomass_edge--wacc,edges--biomass_edge--can_retire,edges--biomass_edge--integer_decisions,edges--biomass_edge--constraints--CapacityConstraint,edges--biomass_edge--start_vertex,edges--biomass_edge--capacity_size,edges--biomass_edge--investment_cost,edges--biomass_edge--fixed_om_cost,edges--biomass_edge--variable_om_cost,edges--biomass_edge--existing_capacity,edges--biomass_edge--availability--timeseries--path,edges--biomass_edge--availability--timeseries--header,edges--nh3_edge--commodity,edges--nh3_edge--unidirectional,edges--nh3_edge--has_capacity,edges--nh3_edge--end_vertex,edges--elec_edge--commodity,edges--elec_edge--unidirectional,edges--elec_edge--has_capacity,edges--elec_edge--start_vertex,edges--co2_edge--commodity,edges--co2_edge--unidirectional,edges--co2_edge--has_capacity,edges--co2_edge--start_vertex,edges--co2_emission_edge--commodity,edges--co2_emission_edge--unidirectional,edges--co2_emission_edge--has_capacity,edges--co2_emission_edge--end_vertex,edges--co2_captured_edge--commodity,edges--co2_captured_edge--unidirectional,edges--co2_captured_edge--has_capacity,edges--co2_captured_edge--end_vertex
BECCSAmmonia,BR_N_residue_nh3,BR_N,Biomass,TRUE,2.26,0.1,0,0,1.558,Residue,TRUE,TRUE,TRUE,30,0.1,TRUE,FALSE,TRUE,residue_BR_N,188.6,19022.2,760.89,2844,0,system/availability_monthly.csv,Availability_One,Ammonia,TRUE,FALSE,nh3_BR,Electricity,TRUE,FALSE,elec_N,CO2,TRUE,FALSE,co2_emitted_BR,CO2,TRUE,FALSE,co2_emitted_BR,CO2Captured,TRUE,FALSE,co2_captured_BR_N
BECCSAmmonia,BR_NE_residue_nh3,BR_NE,Biomass,TRUE,2.26,0.1,0,0,1.558,Residue,TRUE,TRUE,TRUE,30,0.1,TRUE,FALSE,TRUE,residue_BR_NE,188.6,19022.2,760.89,2844,0,system/availability_monthly.csv,Availability_One,Ammonia,TRUE,FALSE,nh3_BR,Electricity,TRUE,FALSE,elec_NE,CO2,TRUE,FALSE,co2_emitted_BR,CO2,TRUE,FALSE,co2_emitted_BR,CO2Captured,TRUE,FALSE,co2_captured_BR_NE
BECCSAmmonia,BR_CW_residue_nh3,BR_CW,Biomass,TRUE,2.26,0.1,0,0,1.558,Residue,TRUE,TRUE,TRUE,30,0.1,TRUE,FALSE,TRUE,residue_BR_CW,188.6,19022.2,760.89,2844,0,system/availability_monthly.csv,Availability_One,Ammonia,TRUE,FALSE,nh3_BR,Electricity,TRUE,FALSE,elec_CW,CO2,TRUE,FALSE,co2_emitted_BR,CO2,TRUE,FALSE,co2_emitted_BR,CO2Captured,TRUE,FALSE,co2_captured_BR_CW
BECCSAmmonia,BR_SE_residue_nh3,BR_SE,Biomass,TRUE,2.26,0.1,0,0,1.558,Residue,TRUE,TRUE,TRUE,30,0.1,TRUE,FALSE,TRUE,residue_BR_SE,188.6,19022.2,760.89,2844,0,system/availability_monthly.csv,Availability_One,Ammonia,TRUE,FALSE,nh3_BR,Electricity,TRUE,FALSE,elec_SE,CO2,TRUE,FALSE,co2_emitted_BR,CO2,TRUE,FALSE,co2_emitted_BR,CO2Captured,TRUE,FALSE,co2_captured_BR_SE
BECCSAmmonia,BR_S_residue_nh3,BR_S,Biomass,TRUE,2.26,0.1,0,0,1.558,Residue,TRUE,TRUE,TRUE,30,0.1,TRUE,FALSE,TRUE,residue_BR_S,188.6,19022.2,760.89,2844,0,system/availability_monthly.csv,Availability_One,Ammonia,TRUE,FALSE,nh3_BR,Electricity,TRUE,FALSE,elec_S,CO2,TRUE,FALSE,co2_emitted_BR,CO2,TRUE,FALSE,co2_emitted_BR,CO2Captured,TRUE,FALSE,co2_captured_BR_S
BECCSAmmonia,BR_N_residue_nh3_CCS,BR_N,Biomass,TRUE,2.26,0.1,1.403,0,0.156,Residue,TRUE,TRUE,TRUE,30,0.1,TRUE,FALSE,TRUE,residue_BR_N,188.6,19592.87,783.72,2844,0,system/availability_monthly.csv,Availability_One,Ammonia,TRUE,FALSE,nh3_BR,Electricity,TRUE,FALSE,elec_N,CO2,TRUE,FALSE,co2_emitted_BR,CO2,TRUE,FALSE,co2_emitted_BR,CO2Captured,TRUE,FALSE,co2_captured_BR_N
BECCSAmmonia,BR_NE_residue_nh3_CCS,BR_NE,Biomass,TRUE,2.26,0.1,1.403,0,0.156,Residue,TRUE,TRUE,TRUE,30,0.1,TRUE,FALSE,TRUE,residue_BR_NE,188.6,19592.87,783.72,2844,0,system/availability_monthly.csv,Availability_One,Ammonia,TRUE,FALSE,nh3_BR,Electricity,TRUE,FALSE,elec_NE,CO2,TRUE,FALSE,co2_emitted_BR,CO2,TRUE,FALSE,co2_emitted_BR,CO2Captured,TRUE,FALSE,co2_captured_BR_NE
BECCSAmmonia,BR_CW_residue_nh3_CCS,BR_CW,Biomass,TRUE,2.26,0.1,1.403,0,0.156,Residue,TRUE,TRUE,TRUE,30,0.1,TRUE,FALSE,TRUE,residue_BR_CW,188.6,19592.87,783.72,2844,0,system/availability_monthly.csv,Availability_One,Ammonia,TRUE,FALSE,nh3_BR,Electricity,TRUE,FALSE,elec_CW,CO2,TRUE,FALSE,co2_emitted_BR,CO2,TRUE,FALSE,co2_emitted_BR,CO2Captured,TRUE,FALSE,co2_captured_BR_CW
BECCSAmmonia,BR_SE_residue_nh3_CCS,BR_SE,Biomass,TRUE,2.26,0.1,1.403,0,0.156,Residue,TRUE,TRUE,TRUE,30,0.1,TRUE,FALSE,TRUE,residue_BR_SE,188.6,19592.87,783.72,2844,0,system/availability_monthly.csv,Availability_One,Ammonia,TRUE,FALSE,nh3_BR,Electricity,TRUE,FALSE,elec_SE,CO2,TRUE,FALSE,co2_emitted_BR,CO2,TRUE,FALSE,co2_emitted_BR,CO2Captured,TRUE,FALSE,co2_captured_BR_SE
BECCSAmmonia,BR_S_residue_nh3_CCS,BR_S,Biomass,TRUE,2.26,0.1,1.403,0,0.156,Residue,TRUE,TRUE,TRUE,30,0.1,TRUE,FALSE,TRUE,residue_BR_S,188.6,19592.87,783.72,2844,0,system/availability_monthly.csv,Availability_One,Ammonia,TRUE,FALSE,nh3_BR,Electricity,TRUE,FALSE,elec_S,CO2,TRUE,FALSE,co2_emitted_BR,CO2,TRUE,FALSE,co2_emitted_BR,CO2Captured,TRUE,FALSE,co2_captured_BR_S
BECCSAmmonia,BR_N_wood_nh3,BR_N,Biomass,TRUE,2.36,0.1,0,0,1.558,Biomass_wood,TRUE,TRUE,TRUE,30,0.1,TRUE,FALSE,TRUE,biomass_wood_BR_N,188.6,19022.2,760.89,2844,0,system/availability_monthly.csv,Availability_One,Ammonia,TRUE,FALSE,nh3_BR,Electricity,TRUE,FALSE,elec_N,CO2,TRUE,FALSE,co2_emitted_BR,CO2,TRUE,FALSE,co2_emitted_BR,CO2Captured,TRUE,FALSE,co2_captured_BR_N
BECCSAmmonia,BR_NE_wood_nh3,BR_NE,Biomass,TRUE,2.36,0.1,0,0,1.558,Biomass_wood,TRUE,TRUE,TRUE,30,0.1,TRUE,FALSE,TRUE,biomass_wood_BR_NE,188.6,19022.2,760.89,2844,0,system/availability_monthly.csv,Availability_One,Ammonia,TRUE,FALSE,nh3_BR,Electricity,TRUE,FALSE,elec_NE,CO2,TRUE,FALSE,co2_emitted_BR,CO2,TRUE,FALSE,co2_emitted_BR,CO2Captured,TRUE,FALSE,co2_captured_BR_NE
BECCSAmmonia,BR_CW_wood_nh3,BR_CW,Biomass,TRUE,2.36,0.1,0,0,1.558,Biomass_wood,TRUE,TRUE,TRUE,30,0.1,TRUE,FALSE,TRUE,biomass_wood_BR_CW,188.6,19022.2,760.89,2844,0,system/availability_monthly.csv,Availability_One,Ammonia,TRUE,FALSE,nh3_BR,Electricity,TRUE,FALSE,elec_CW,CO2,TRUE,FALSE,co2_emitted_BR,CO2,TRUE,FALSE,co2_emitted_BR,CO2Captured,TRUE,FALSE,co2_captured_BR_CW
BECCSAmmonia,BR_SE_wood_nh3,BR_SE,Biomass,TRUE,2.36,0.1,0,0,1.558,Biomass_wood,TRUE,TRUE,TRUE,30,0.1,TRUE,FALSE,TRUE,biomass_wood_BR_SE,188.6,19022.2,760.89,2844,0,system/availability_monthly.csv,Availability_One,Ammonia,TRUE,FALSE,nh3_BR,Electricity,TRUE,FALSE,elec_SE,CO2,TRUE,FALSE,co2_emitted_BR,CO2,TRUE,FALSE,co2_emitted_BR,CO2Captured,TRUE,FALSE,co2_captured_BR_SE
BECCSAmmonia,BR_S_wood_nh3,BR_S,Biomass,TRUE,2.36,0.1,0,0,1.558,Biomass_wood,TRUE,TRUE,TRUE,30,0.1,TRUE,FALSE,TRUE,biomass_wood_BR_S,188.6,19022.2,760.89,2844,0,system/availability_monthly.csv,Availability_One,Ammonia,TRUE,FALSE,nh3_BR,Electricity,TRUE,FALSE,elec_S,CO2,TRUE,FALSE,co2_emitted_BR,CO2,TRUE,FALSE,co2_emitted_BR,CO2Captured,TRUE,FALSE,co2_captured_BR_S
BECCSAmmonia,BR_N_wood_nh3_CCS,BR_N,Biomass,TRUE,2.36,0.1,1.403,0,0.156,Biomass_wood,TRUE,TRUE,TRUE,30,0.1,TRUE,FALSE,TRUE,biomass_wood_BR_N,188.6,19592.87,783.72,2844,0,system/availability_monthly.csv,Availability_One,Ammonia,TRUE,FALSE,nh3_BR,Electricity,TRUE,FALSE,elec_N,CO2,TRUE,FALSE,co2_emitted_BR,CO2,TRUE,FALSE,co2_emitted_BR,CO2Captured,TRUE,FALSE,co2_captured_BR_N
BECCSAmmonia,BR_NE_wood_nh3_CCS,BR_NE,Biomass,TRUE,2.36,0.1,1.403,0,0.156,Biomass_wood,TRUE,TRUE,TRUE,30,0.1,TRUE,FALSE,TRUE,biomass_wood_BR_NE,188.6,19592.87,783.72,2844,0,system/availability_monthly.csv,Availability_One,Ammonia,TRUE,FALSE,nh3_BR,Electricity,TRUE,FALSE,elec_NE,CO2,TRUE,FALSE,co2_emitted_BR,CO2,TRUE,FALSE,co2_emitted_BR,CO2Captured,TRUE,FALSE,co2_captured_BR_NE
BECCSAmmonia,BR_CW_wood_nh3_CCS,BR_CW,Biomass,TRUE,2.36,0.1,1.403,0,0.156,Biomass_wood,TRUE,TRUE,TRUE,30,0.1,TRUE,FALSE,TRUE,biomass_wood_BR_CW,188.6,19592.87,783.72,2844,0,system/availability_monthly.csv,Availability_One,Ammonia,TRUE,FALSE,nh3_BR,Electricity,TRUE,FALSE,elec_CW,CO2,TRUE,FALSE,co2_emitted_BR,CO2,TRUE,FALSE,co2_emitted_BR,CO2Captured,TRUE,FALSE,co2_captured_BR_CW
BECCSAmmonia,BR_SE_wood_nh3_CCS,BR_SE,Biomass,TRUE,2.36,0.1,1.403,0,0.156,Biomass_wood,TRUE,TRUE,TRUE,30,0.1,TRUE,FALSE,TRUE,biomass_wood_BR_SE,188.6,19592.87,783.72,2844,0,system/availability_monthly.csv,Availability_One,Ammonia,TRUE,FALSE,nh3_BR,Electricity,TRUE,FALSE,elec_SE,CO2,TRUE,FALSE,co2_emitted_BR,CO2,TRUE,FALSE,co2_emitted_BR,CO2Captured,TRUE,FALSE,co2_captured_BR_SE
BECCSAmmonia,BR_S_wood_nh3_CCS,BR_S,Biomass,TRUE,2.36,0.1,1.403,0,0.156,Biomass_wood,TRUE,TRUE,TRUE,30,0.1,TRUE,FALSE,TRUE,biomass_wood_BR_S,188.6,19592.87,783.72,2844,0,system/availability_monthly.csv,Availability_One,Ammonia,TRUE,FALSE,nh3_BR,Electricity,TRUE,FALSE,elec_S,CO2,TRUE,FALSE,co2_emitted_BR,CO2,TRUE,FALSE,co2_emitted_BR,CO2Captured,TRUE,FALSE,co2_captured_BR_S