Time_Index,BR_RN_Wind_Offshore_Class1,BR_RS_Wind_Offshore_Class2,BR_RJ_Wind_Offshore_Class3
1,0.313849051,0.440754082,0.440062816
2,0.301063875,0.431200681,0.523300074
3,0.286325555,0.403417296,0.60588412
4,0.278040405,0.356337197,0.602549183
5,0.276937396,0.308621447,0.583432888
6,0.276025418,0.273358713,0.59035827
7,0.276484562,0.23763007,0.577986755
8,0.277460367,0.206170774,0.563014612
9,0.27203484,0.184971735,0.540959021
10,0.267585928,0.175254874,0.521468509
11,0.261513921,0.172295849,0.483156409
12,0.256721711,0.182843454,0.442573461
13,0.248808078,0.207237064,0.379018901
14,0.233001366,0.238895752,0.308545465
15,0.215014419,0.273368413,0.256006005
16,0.217411831,0.302682233,0.243683052
17,0.238824735,0.327151786,0.283546134
18,0.262825632,0.348545699,0.357976613
19,0.291354684,0.358727697,0.459490323
20,0.304653727,0.353875494,0.562739742
21,0.297249453,0.341985934,0.672959615
22,0.29437099,0.352795537,0.782339167
23,0.302110179,0.386039992,0.877652915
24,0.309121931,0.420423042,0.95954455
25,0.312984223,0.448660763,0.999992444
26,0.311636,0.462838537,1.0
27,0.303453624,0.462523191,0.993375418
28,0.280412485,0.436954942,0.920939965
29,0.261297646,0.385581247,0.826956763
30,0.249105128,0.321792341,0.775860845
31,0.244651079,0.272505924,0.795114099
32,0.248301514,0.2448321,0.84121888
33,0.25653176,0.236287674,0.889296787
34,0.270490446,0.220030668,0.918916372
35,0.271377181,0.185978504,0.941934325
36,0.262560495,0.142117666,0.964449831
37,0.264435476,0.104828497,0.978683222
38,0.276065716,0.087793983,0.975565071
39,0.296763985,0.085708248,0.968072651
40,0.317155466,0.091372458,0.984753684
41,0.335968296,0.097763142,1.0
42,0.362491285,0.101137595,1.0
43,0.388288732,0.096324852,1.0
44,0.404263035,0.086188707,1.0
45,0.411529107,0.077141446,1.0
46,0.414820286,0.086380603,1.0
47,0.418271124,0.106383512,1.0
48,0.409224551,0.127504734,1.0
49,0.395082677,0.154175977,1.0
50,0.386473341,0.193107898,1.0
51,0.380706407,0.216139823,1.0
52,0.358804068,0.176146793,1.0
53,0.32612514,0.100090705,1.0
54,0.29569956,0.052823558,1.0
55,0.280515438,0.034073546,1.0
56,0.27995271,0.022196,1.0
57,0.277628591,0.0117455,1.0
58,0.267587731,0.004825088,1.0
59,0.2479968,0.00257898,1.0
60,0.230566181,0.002967844,1.0
61,0.222223063,0.005236768,1.0
62,0.221801332,0.00966197,1.0
63,0.219693308,0.019844078,1.0
64,0.209603226,0.035224928,1.0
65,0.192818365,0.054652366,1.0
66,0.186923686,0.074173162,1.0
67,0.199094567,0.091993229,1.0
68,0.223000264,0.10802957,1.0
69,0.240285468,0.123489229,1.0
70,0.241495127,0.154237481,1.0
71,0.234346615,0.197030266,1.0
72,0.220582748,0.230544435,1.0
73,0.204922263,0.242625121,1.0
74,0.184642119,0.227669949,1.0
75,0.165588223,0.200617558,1.0
76,0.160384019,0.175240766,1.0
77,0.168621387,0.151821189,1.0
78,0.174094245,0.133631106,1.0
79,0.167100884,0.126117367,0.992016622
80,0.154116741,0.127779408,0.909537953
81,0.141266836,0.130912916,0.89034929
82,0.128439468,0.121479878,0.9140076
83,0.122633679,0.108705232,0.902367061
84,0.130817137,0.100908223,0.858928928
85,0.15213511,0.093369905,0.777603855
86,0.182297085,0.088068877,0.636315301
87,0.215671537,0.084215508,0.492769071
88,0.246575914,0.088966637,0.407725322
89,0.273216101,0.10706733,0.338086335
90,0.293382113,0.130903878,0.275452397
91,0.293272758,0.155851244,0.19672954
92,0.269474523,0.173540478,0.120217066
93,0.223839128,0.180752208,0.076771632
94,0.181264665,0.17472691,0.051427286
95,0.160235448,0.163283859,0.055024238
96,0.154992748,0.14658387,0.108710946
97,0.15127506,0.127930192,0.227655866
98,0.143862672,0.114370985,0.379701949
99,0.141794856,0.107409791,0.423420506
100,0.150000401,0.099152383,0.342155104
101,0.167032639,0.086866243,0.332558471
102,0.185639741,0.079724504,0.263713146
103,0.202693525,0.083203117,0.176526303
104,0.21496727,0.088463252,0.126866784
105,0.227848278,0.090129812,0.098486811
106,0.244298224,0.093519146,0.065833344
107,0.245917354,0.104871814,0.017383125
108,0.237076868,0.115578139,0.000126008
109,0.235195035,0.112974029,0.027909267
110,0.23729747,0.109509634,0.221989299
111,0.246134259,0.117956294,0.412676467
112,0.267170147,0.142147095,0.492887303
113,0.276483841,0.183195834,0.528402143
114,0.279041543,0.239997092,0.513139895
115,0.285906708,0.31538358,0.444118571
116,0.297251436,0.393830498,0.345124712
117,0.291010303,0.464295344,0.243946813
118,0.27994117,0.527700897,0.14933468
119,0.271419552,0.579742539,0.075341898
120,0.268301194,0.609551036,0.03560895
121,0.279496721,0.617674745,0.022606442
122,0.279538912,0.605989095,0.02577268
123,0.278589792,0.584218994,0.039425227
124,0.283365053,0.570528843,0.086506811
125,0.2949229,0.560983709,0.164363956
126,0.310471687,0.557625238,0.216058335
127,0.323899557,0.56954015,0.18427439
128,0.324040194,0.584189454,0.187263518
129,0.308895559,0.600040622,0.262535587
130,0.283544726,0.605566282,0.426768932
131,0.254427883,0.603975776,0.617574968
132,0.239732926,0.603588124,0.766767452
133,0.225552106,0.603961778,0.784239449
134,0.216892105,0.606737614,0.682156956
135,0.20789773,0.601854439,0.592598807
136,0.214964295,0.579965298,0.553703799
137,0.225276241,0.551923001,0.544560257
138,0.225337094,0.533335677,0.562714191
139,0.216210917,0.513181544,0.586570877
140,0.206745497,0.503332197,0.581686704
141,0.213942151,0.508463482,0.540393252
142,0.240552138,0.543369426,0.454974494
143,0.271355634,0.573602059,0.366749589
144,0.290126002,0.582538876,0.339323566
145,0.296768672,0.573044885,0.344511492
146,0.291892892,0.560886934,0.361083021
147,0.278023457,0.549704228,0.397143475
148,0.260989596,0.542113885,0.444689259
149,0.253347141,0.52996431,0.459430017
150,0.257728348,0.510952079,0.432663394
151,0.25634794,0.486165086,0.415630205
152,0.250048028,0.478023852,0.457887763
153,0.245169903,0.486770316,0.535240399
154,0.248762821,0.487659589,0.598964769
155,0.251910478,0.480199969,0.633493761
156,0.258795748,0.467609616,0.648982158
157,0.263834794,0.467390273,0.663454552
158,0.272601805,0.488976414,0.676631949
159,0.284052823,0.53314863,0.711883982
160,0.295345263,0.560891343,0.809069446
161,0.297252518,0.580016992,0.930066209
162,0.288038984,0.594188153,1.0
163,0.278026612,0.598550307,1.0
164,0.267447816,0.587416761,1.0
165,0.251069541,0.572327449,1.0
166,0.231622131,0.573713383,1.0
167,0.219826102,0.590147186,1.0
168,0.22359094,0.623145845,0.961065062
169,0.188273081,0.393213254,0.315852364
170,0.198874236,0.42321475,0.275465093
171,0.204783068,0.441166864,0.249817946
172,0.203821778,0.445959216,0.245616344
173,0.204909552,0.445971781,0.254241253
174,0.213916368,0.43726632,0.26888187
175,0.230636679,0.407608055,0.296780822
176,0.246410034,0.359304269,0.324580269
177,0.263395573,0.316556345,0.348052581
178,0.276134953,0.268118418,0.352497471
179,0.287898887,0.209398081,0.334894228
180,0.30210495,0.15751053,0.306463788
181,0.317699894,0.123200116,0.276805162
182,0.325042594,0.108244063,0.25400828
183,0.325088031,0.11295,0.241167487
184,0.321634398,0.143849257,0.256105827
185,0.315389028,0.209105772,0.311395095
186,0.306984607,0.261583122,0.390442813
187,0.297279384,0.288686656,0.474357565
188,0.287491761,0.312262307,0.539147134
189,0.278035627,0.348118367,0.580942398
190,0.280197022,0.420796475,0.597807999
191,0.286189155,0.486379247,0.598979052
192,0.282813503,0.530433636,0.595124529
193,0.27822711,0.580029337,0.59450385
194,0.2658075,0.636144792,0.58393343
195,0.243000215,0.679696568,0.556134936
196,0.221837483,0.700685083,0.513104505
197,0.20253639,0.70589154,0.454134808
198,0.192520954,0.705324116,0.339218506
199,0.196638466,0.702211551,0.245467959
200,0.21566703,0.682680614,0.198033425
201,0.241484129,0.648193734,0.188304594
202,0.272026455,0.653247313,0.190707641
203,0.306967298,0.633819875,0.188955109
204,0.334641889,0.634120671,0.183259499
205,0.355955806,0.639349724,0.185402276
206,0.374665953,0.626353642,0.199909109
207,0.382548483,0.621240874,0.234318758
208,0.380345709,0.623183761,0.292750935
209,0.373542659,0.63647094,0.383326673
210,0.37067303,0.654310847,0.516119025
211,0.375147004,0.68132444,0.64269872
212,0.380342013,0.71247379,0.718833645
213,0.381918952,0.735094146,0.74709015
214,0.38905268,0.742650761,0.760937105
215,0.398362136,0.747398252,0.771010316
216,0.394828628,0.764437285,0.768480309
217,0.380848216,0.781756392,0.75895652
218,0.370620562,0.795486774,0.750008973
219,0.359873181,0.803937071,0.756545221
220,0.344766861,0.808912612,0.793472498
221,0.331428782,0.806385548,0.823764975
222,0.327015391,0.804161043,0.677795384
223,0.329340591,0.802703795,0.428220726
224,0.33339653,0.796384975,0.35252207
225,0.333379581,0.790209334,0.426647685
226,0.326533348,0.785052037,0.47103215
227,0.31771558,0.770160464,0.40770596
228,0.311976774,0.739621303,0.358661407
229,0.313348978,0.707342615,0.34754585
230,0.315769018,0.684714765,0.325817975
231,0.319675846,0.658778815,0.298027734
232,0.325166283,0.62125862,0.290464375
233,0.327494008,0.594451253,0.319113029
234,0.330322436,0.584185486,0.370096905
235,0.330545833,0.589790617,0.432314729
236,0.324555864,0.625080135,0.489428262
237,0.313762235,0.668170079,0.525368103
238,0.317711163,0.686935522,0.593878887
239,0.33609532,0.68814951,0.684875976
240,0.355957789,0.702731579,0.771144418
241,0.371539481,0.724667344,0.838357506
242,0.374592208,0.744883863,0.864750547
243,0.365322509,0.760411749,0.850615073
244,0.350720499,0.78305503,0.80439206
245,0.333398693,0.799606991,0.748314367
246,0.325700884,0.802079165,0.691658527
247,0.321412263,0.79658073,0.636941058
248,0.320605854,0.785806177,0.586883042
249,0.321617089,0.769337765,0.54499113
250,0.331137591,0.754942522,0.480349946
251,0.342214928,0.751412546,0.407883388
252,0.349083519,0.744934014,0.325814167
253,0.353225553,0.724708016,0.257282434
254,0.359863715,0.682703209,0.233874078
255,0.371043375,0.636343192,0.246073244
256,0.384894689,0.598567723,0.283475671
257,0.39928394,0.567935534,0.335469201
258,0.41293665,0.560094987,0.4109306
259,0.419576164,0.579179524,0.50509599
260,0.422102584,0.603567843,0.594311346
261,0.420553412,0.605595712,0.650345873
262,0.420770678,0.593404803,0.686148438
263,0.421959333,0.630874076,0.726920716
264,0.412932683,0.687581645,0.7711368
265,0.403144069,0.728016226,0.821845965
266,0.387511441,0.747858871,0.895978563
267,0.37468191,0.752758359,0.793469166
268,0.37935566,0.761589694,0.468674175
269,0.384755945,0.751840208,0.34058603
270,0.382282986,0.707667771,0.303316118
271,0.383524559,0.646902261,0.253046236
272,0.39187615,0.574571022,0.206555495
273,0.394164749,0.535563819,0.179546854
274,0.400633967,0.541004939,0.151815173
275,0.406895654,0.551064921,0.135389013
276,0.409044698,0.465015977,0.143387212
277,0.408196908,0.308866691,0.166270428
278,0.406174438,0.186281064,0.177968575
279,0.399741552,0.136144613,0.19212341
280,0.400258033,0.1009414,0.24118907
281,0.414824343,0.053319338,0.336097656
282,0.440962563,0.022557418,0.418852782
283,0.46760239,0.020715826,0.488637456
284,0.485837796,0.060846854,0.52330055
285,0.493688503,0.112628923,0.554767412
286,0.499465714,0.150321506,0.59035335
287,0.50165812,0.183160784,0.6024519
288,0.501051938,0.241789636,0.640944601
289,0.499316332,0.362835238,0.74963317
290,0.499921522,0.508796353,0.865456606
291,0.498549499,0.575027232,0.887936246
292,0.490091438,0.633423847,0.841839082
293,0.483699481,0.736583799,0.801186464
294,0.493667137,0.832465778,0.762971807
295,0.51359677,0.868103929,0.739386975
296,0.531090946,0.87197835,0.726914844
297,0.536305608,0.868083428,0.734565489
298,0.552205176,0.839594511,0.775541539
299,0.553222541,0.769937925,0.845038647
300,0.549902423,0.638637468,0.900032732
301,0.545980541,0.479193971,0.941063693
302,0.54401676,0.334512647,0.969172447
303,0.541072035,0.246899649,0.974616834
304,0.537144202,0.273334354,0.954334882
305,0.530159856,0.388446584,0.937130136
306,0.521898597,0.494427013,0.909506848
307,0.515119978,0.55187263,0.851325894
308,0.50812265,0.56516554,0.84625858
309,0.490700956,0.575039026,0.898828352
310,0.472687684,0.582098428,0.916428421
311,0.460298816,0.586755868,0.929975908
312,0.451420376,0.601073625,0.981238939
313,0.429767217,0.598007794,1.0
314,0.389052049,0.560862905,1.0
315,0.349081355,0.500580829,0.985267556
316,0.319673231,0.431259209,0.983948595
317,0.313078612,0.378463978,1.0
318,0.319666289,0.345046254,1.0
319,0.328115606,0.308818194,1.0
320,0.340254573,0.260122347,1.0
321,0.350176792,0.214139731,0.953848146
322,0.369170467,0.200156609,0.811494076
323,0.370870283,0.206581683,0.571336878
324,0.366717521,0.20246852,0.337435344
325,0.369582191,0.185031806,0.143824909
326,0.389077381,0.155825232,0.021706608
327,0.409792599,0.12475976,0.000363742
328,0.408201776,0.090987782,0.000192345
329,0.390596172,0.061184685,0.003287168
330,0.369793958,0.039086453,0.08982921
331,0.35126664,0.037654997,0.243073007
332,0.331432568,0.051877301,0.43654569
333,0.30212884,0.066374829,0.407683425
334,0.278040676,0.085809322,0.307458683
335,0.266605976,0.12093042,0.221008687
336,0.257240716,0.161884698,0.182260478
337,0.534613545,0.300945241,0.951175309
338,0.509695893,0.410743547,0.949206785
339,0.478446504,0.423708215,0.950014889
340,0.452517255,0.369374833,0.966275683
341,0.433417652,0.287725959,0.987646322
342,0.414999237,0.193132588,1.0
343,0.406720309,0.123739874,1.0
344,0.408607731,0.086263107,1.0
345,0.416141103,0.066798634,1.0
346,0.438044974,0.052053987,1.0
347,0.444325504,0.054633407,1.0
348,0.444455863,0.078047142,1.0
349,0.44215257,0.092949738,1.0
350,0.441489051,0.102634303,1.0
351,0.449913846,0.0940966,1.0
352,0.469894685,0.079001446,0.985178049
353,0.499849401,0.063241983,0.962721104
354,0.52554777,0.042146993,0.962445441
355,0.540688077,0.022602279,0.971216195
356,0.542254829,0.005512875,0.968299434
357,0.536767908,0.000379936,0.96161734
358,0.53277183,0.000837358,0.964491252
359,0.530181943,0.018383744,0.974130416
360,0.528184626,0.073776472,0.980738238
361,0.524450169,0.146030555,0.993508885
362,0.504211315,0.203870106,1.0
363,0.476376434,0.223941572,1.0
364,0.444415926,0.226782219,1.0
365,0.418691052,0.213610885,1.0
366,0.404397542,0.18377384,1.0
367,0.398069683,0.147122967,1.0
368,0.394828719,0.115512336,1.0
369,0.391700895,0.095623508,1.0
370,0.399466228,0.083578314,1.0
371,0.395047698,0.078793126,1.0
372,0.390787385,0.085421009,1.0
373,0.374017399,0.083416728,1.0
374,0.353313992,0.072127327,1.0
375,0.335340297,0.050475825,0.980180722
376,0.335763741,0.035799847,0.920711912
377,0.344178709,0.027531968,0.869038957
378,0.355952921,0.025436643,0.817673247
379,0.372369511,0.024249329,0.776401538
380,0.389239925,0.021803388,0.767895814
381,0.395585635,0.020908384,0.784783634
382,0.39522097,0.026908661,0.821033576
383,0.406298668,0.037601098,0.863232098
384,0.421545445,0.047857937,0.90409674
385,0.431618849,0.053249898,0.941649616
386,0.438829837,0.052327558,0.975295914
387,0.437527592,0.052467761,1.0
388,0.421256868,0.053524572,1.0
389,0.398937937,0.059831708,1.0
390,0.378028803,0.071763484,1.0
391,0.355948323,0.09142801,0.990179344
392,0.331632345,0.11378317,0.996863818
393,0.302574011,0.11874813,1.0
394,0.284717063,0.10369431,1.0
395,0.271372222,0.088632664,1.0
396,0.269487865,0.082368515,0.983781007
397,0.285075237,0.084857663,0.94974732
398,0.315747652,0.094140138,0.91624893
399,0.346151145,0.108549488,0.880095637
400,0.368109919,0.125125367,0.834097978
401,0.384417064,0.136583739,0.785962304
402,0.392905506,0.132557872,0.757985906
403,0.391246709,0.132666882,0.748283579
404,0.380504557,0.162105914,0.757678344
405,0.357907958,0.222381708,0.791290681
406,0.333439983,0.29047942,0.850430663
407,0.326684533,0.349191822,0.898752811
408,0.33534237,0.407598025,0.910106419
409,0.348855434,0.46726969,0.900338548
410,0.348943333,0.520544278,0.890260894
411,0.338342449,0.539157835,0.8884817
412,0.321624301,0.488813836,0.910685518
413,0.302113875,0.443013417,0.940682969
414,0.289173096,0.431654245,0.964638367
415,0.282390239,0.423214199,0.979457047
416,0.269488316,0.418413801,0.959657228
417,0.258854256,0.445967262,0.909513989
418,0.246436359,0.416003572,0.869847061
419,0.240760659,0.3181959,0.87190541
420,0.237953686,0.209393893,0.905412052
421,0.236128018,0.123692809,0.937768589
422,0.238044379,0.061263494,0.955132829
423,0.246165272,0.023243772,0.957577455
424,0.264370297,0.020946521,0.920844427
425,0.282797095,0.036517173,0.845958318
426,0.29147657,0.049701845,0.775786414
427,0.293393382,0.067762858,0.732943409
428,0.288608203,0.093075391,0.730242164
429,0.276132609,0.124558935,0.737648726
430,0.259558614,0.16931037,0.782313775
431,0.249775679,0.232582113,0.825962503
432,0.249927675,0.301848622,0.840949882
433,0.252617631,0.363576152,0.840090359
434,0.249780728,0.403680838,0.854234878
435,0.238265071,0.410192436,0.894482174
436,0.226268184,0.374998922,0.936807022
437,0.22522819,0.309765333,0.966844149
438,0.23376883,0.247261508,0.993571889
439,0.24907069,0.19901647,1.0
440,0.25839367,0.169996613,1.0
441,0.267388405,0.162041434,1.0
442,0.272298083,0.173519205,1.0
443,0.287397552,0.176144257,1.0
444,0.297679027,0.162673118,1.0
445,0.297973284,0.14211491,1.0
446,0.280418795,0.126067988,1.0
447,0.255609686,0.123332162,1.0
448,0.253098772,0.118021766,1.0
449,0.269483898,0.106773147,1.0
450,0.286633334,0.095219985,1.0
451,0.309808529,0.081909549,0.993470003
452,0.335919073,0.068299971,0.995562472
453,0.349500562,0.053184426,1.0
454,0.344189437,0.04117825,1.0
455,0.327987319,0.035616547,1.0
456,0.313945063,0.034974503,1.0
457,0.300159289,0.035264167,1.0
458,0.284743026,0.035311232,1.0
459,0.277500124,0.035557468,1.0
460,0.273763414,0.039323541,1.0
461,0.274725606,0.042862556,1.0
462,0.279953251,0.04123281,1.0
463,0.28386711,0.033903253,1.0
464,0.284325713,0.026786314,1.0
465,0.279929811,0.02371894,1.0
466,0.253583339,0.026503815,1.0
467,0.23564282,0.033821799,1.0
468,0.218972633,0.047190983,1.0
469,0.213919162,0.068009425,1.0
470,0.207869422,0.08782738,1.0
471,0.196918388,0.102354228,1.0
472,0.191859148,0.102509531,1.0
473,0.191109354,0.098321858,1.0
474,0.196633147,0.102636397,1.0
475,0.206049974,0.104862996,1.0
476,0.21464732,0.118399497,1.0
477,0.222568706,0.161392666,1.0
478,0.233394339,0.186110551,1.0
479,0.241917129,0.214787397,1.0
480,0.244310845,0.226083741,1.0
481,0.240325676,0.244805206,1.0
482,0.238641186,0.26875418,1.0
483,0.242845875,0.266111823,1.0
484,0.265854018,0.212841754,1.0
485,0.310694993,0.122263558,1.0
486,0.375776175,0.058833646,1.0
487,0.42447845,0.025829365,1.0
488,0.426158793,0.013238681,1.0
489,0.400349086,0.011812515,1.0
490,0.353843004,0.007934567,1.0
491,0.33534237,0.003929312,1.0
492,0.326517481,0.001585547,1.0
493,0.309889124,0.001274389,1.0
494,0.286990876,0.003467591,1.0
495,0.282928898,0.002905458,1.0
496,0.3177154,0.000315676,0.990847474
497,0.36671112,1.07e-5,0.975222912
498,0.39720215,0.000788309,0.982735169
499,0.400931919,0.015696636,1.0
500,0.398150189,0.077757478,1.0
501,0.403675966,0.216804132,1.0
502,0.397467468,0.427845957,1.0
503,0.38579089,0.638324878,1.0
504,0.383532042,0.737936556,1.0
505,0.293398069,0.273353312,0.98431805
506,0.327339938,0.276254251,0.991327543
507,0.361920894,0.241712701,1.0
508,0.398064815,0.188051674,1.0
509,0.429189794,0.157055753,1.0
510,0.459523238,0.124806054,1.0
511,0.474418783,0.060650218,1.0
512,0.474409046,0.072422282,0.936268709
513,0.452519239,0.142891867,0.835700856
514,0.42977479,0.179268396,0.741793513
515,0.432245496,0.216728851,0.699447717
516,0.43981592,0.218811279,0.705747342
517,0.447265631,0.176568282,0.753299791
518,0.467258821,0.133705726,0.796612075
519,0.495165373,0.106195252,0.815990226
520,0.509700761,0.111235824,0.780101645
521,0.511315473,0.142658967,0.715235424
522,0.502588759,0.176510526,0.682015871
523,0.478087519,0.216719923,0.700259789
524,0.442210988,0.247023208,0.739627248
525,0.402261841,0.259560655,0.764668318
526,0.373924272,0.225856683,0.796608742
527,0.343179645,0.164674202,0.812897149
528,0.311483102,0.10524701,0.836460397
529,0.308612212,0.053124355,0.861810457
530,0.31904379,0.018346048,0.909824249
531,0.336581149,0.003428683,0.96206075
532,0.354254728,0.000362521,1.0
533,0.369308219,2.66e-5,1.0
534,0.3920542,4.41e-6,1.0
535,0.418720892,6.06e-6,1.0
536,0.431622275,3.14e-5,1.0
537,0.44441836,0.000131054,0.951688864
538,0.474406342,0.000248331,0.866551482
539,0.500722162,6.9e-5,0.81187099
540,0.506034549,6.61e-6,0.751028308
541,0.491103304,1.32e-6,0.706391667
542,0.474423922,4.41e-7,0.69504409
543,0.466402647,0.0,0.691658368
544,0.458750365,0.0,0.637133403
545,0.450780747,0.0,0.553021545
546,0.44819059,0.0,0.474969515
547,0.442286806,0.0,0.410894258
548,0.432336279,4.41e-7,0.387294667
549,0.412935388,1.31e-5,0.400193703
550,0.399547905,0.000269052,0.457962511
551,0.39154367,0.003394624,0.562742123
552,0.385668644,0.017435061,0.723672906
553,0.393839751,0.045026549,0.669548343
554,0.404429546,0.074867011,0.555839752
555,0.392905686,0.104129026,0.500607775
556,0.375853976,0.131305086,0.420387418
557,0.37027528,0.148928958,0.537786911
558,0.373540675,0.152543806,0.53566048
559,0.382286231,0.139400247,0.471023739
560,0.390946142,0.11305868,0.460197652
561,0.391662039,0.093704098,0.492599261
562,0.389051688,0.066780006,0.516456581
563,0.400616567,0.041992572,0.521252835
564,0.404288729,0.033856408,0.507522207
565,0.397904615,0.037994702,0.478200503
566,0.389173303,0.044828369,0.444725125
567,0.384099098,0.062449706,0.382767888
568,0.387827334,0.102660315,0.324971148
569,0.396105271,0.151460763,0.299556022
570,0.404397091,0.202454081,0.279039192
571,0.398698583,0.233639144,0.258421112
572,0.37869764,0.234575261,0.265518208
573,0.348979754,0.249540793,0.289318397
574,0.341825562,0.315054787,0.312070208
575,0.345568673,0.399605592,0.278075403
576,0.342751783,0.476377352,0.241196688
577,0.340119074,0.501048613,0.22439536
578,0.326755212,0.501236431,0.217984803
579,0.309032049,0.494424588,0.222043416
580,0.28335117,0.511982877,0.23793031
581,0.25622903,0.537820178,0.243610526
582,0.233392446,0.543362703,0.272826059
583,0.215473924,0.56544837,0.327072346
584,0.20285661,0.582105813,0.379993641
585,0.202068141,0.561155766,0.39047138
586,0.204785142,0.491639382,0.380913629
587,0.215656842,0.390828486,0.404556068
588,0.223242592,0.358582093,0.459500004
589,0.231319671,0.35872924,0.489451908
590,0.239741851,0.383517115,0.489434292
591,0.241843745,0.432120485,0.474938886
592,0.241706173,0.47802297,0.436559338
593,0.249052029,0.427456763,0.342183987
594,0.266199931,0.373558758,0.232712865
595,0.295329125,0.293692839,0.172584018
596,0.328127145,0.273355406,0.133256234
597,0.346544929,0.246887304,0.10368664
598,0.349097583,0.220059656,0.094938897
599,0.352075844,0.293126297,0.08686722
600,0.359868854,0.375320109,0.097731237
601,0.371156155,0.443827298,0.168141192
602,0.375982442,0.458278643,0.250339437
603,0.376861424,0.383374267,0.299632833
604,0.375616335,0.352731718,0.323078642
605,0.366305526,0.333995594,0.344226783
606,0.352827261,0.405217556,0.368776674
607,0.346139876,0.470073854,0.388563956
608,0.328871891,0.472418611,0.34806623
609,0.304051512,0.552504313,0.249396596
610,0.280679064,0.626257308,0.181346837
611,0.276131527,0.614035097,0.169133071
612,0.286454021,0.59454384,0.174490332
613,0.300188048,0.541907549,0.181636308
614,0.316390707,0.574661294,0.241213034
615,0.329443454,0.529795009,0.332274714
616,0.339698515,0.465021267,0.410910921
617,0.344192052,0.342272511,0.407734844
618,0.347605477,0.220239318,0.400586011
619,0.336271206,0.121092777,0.390945101
620,0.31265616,0.072304344,0.372303638
621,0.279940539,0.097323576,0.385395972
622,0.248917071,0.195895308,0.444672595
623,0.226160362,0.316520743,0.527955877
624,0.213786639,0.373829905,0.614988304
625,0.201943461,0.369381336,0.677167882
626,0.187178907,0.313378858,0.731328311
627,0.173030541,0.245219862,0.824409299
628,0.164218995,0.165153779,0.909192779
629,0.157436138,0.10888743,0.929821968
630,0.153038433,0.092736678,0.968120896
631,0.149831546,0.098988923,1.0
632,0.148409849,0.130710107,1.0
633,0.150166822,0.180417683,1.0
634,0.149824064,0.20129774,1.0
635,0.159562283,0.197545775,1.0
636,0.171574587,0.212670469,1.0
637,0.181928634,0.260662436,1.0
638,0.19024146,0.361061983,1.0
639,0.200215157,0.47818169,0.99034709
640,0.210237265,0.563428327,0.923258106
641,0.219304483,0.613817187,0.858897347
642,0.233415254,0.605572345,0.821447627
643,0.246135341,0.585626091,0.821461751
644,0.248010323,0.593034457,0.827066267
645,0.24128291,0.636361379,0.854697967
646,0.238896045,0.723346331,0.882778314
647,0.246165001,0.739498405,0.885352757
648,0.256339105,0.702944087,0.838150084
649,0.261779959,0.613727466,0.767913112
650,0.260302368,0.489395919,0.657573421
651,0.261007807,0.379456308,0.508663106
652,0.256324771,0.303367374,0.388538087
653,0.240321709,0.258354272,0.286962326
654,0.236101333,0.228594383,0.196574489
655,0.239945685,0.196575379,0.112651485
656,0.247990128,0.156104755,0.070532948
657,0.25732068,0.11519159,0.049883921
658,0.252596986,0.071743313,0.038608553
659,0.240379767,0.027675036,0.052559298
660,0.231611944,0.008242528,0.099209058
661,0.22112988,0.001359591,0.174912317
662,0.2178259,7.25e-5,0.209306572
663,0.2144397,1.32e-6,0.189718301
664,0.227268691,8.82e-7,0.157312089
665,0.264851077,4.41e-6,0.157419054
666,0.288281312,8.33e-5,0.159858442
667,0.278046446,0.000303221,0.132469079
668,0.248778237,0.000319644,0.10549186
669,0.223578499,0.000340036,0.076764808
670,0.2113199,0.00173126,0.057653591
671,0.202235824,0.007503378,0.042248354
672,0.192048287,0.027477408,0.029247749
673,0.109545051,0.799357007,0.020463188
674,0.09459884,0.814305235,0.028148271
675,0.074590234,0.827766123,0.032945159
676,0.060262016,0.835367709,0.042961555
677,0.05347943,0.840172736,0.078132332
678,0.055707086,0.841021888,0.115304961
679,0.063622252,0.839825536,0.142657824
680,0.07821164,0.837214923,0.162238953
681,0.094944122,0.839084292,0.184024119
682,0.096787911,0.841080637,0.215732047
683,0.091595336,0.838159417,0.236602461
684,0.078885526,0.832877238,0.230427892
685,0.057242194,0.820555716,0.21852264
686,0.043598049,0.811433946,0.206399175
687,0.042466912,0.812361245,0.191774744
688,0.054768784,0.821972292,0.168933585
689,0.073676995,0.828304228,0.147127629
690,0.088990214,0.831528228,0.133053097
691,0.097335494,0.832820143,0.135743233
692,0.094285742,0.829858692,0.17104113
693,0.084848541,0.824059681,0.249858573
694,0.084820323,0.816947812,0.347506333
695,0.093119897,0.804458973,0.422446242
696,0.099510952,0.783599198,0.481884423
697,0.099354088,0.754692318,0.555839594
698,0.085560291,0.726255757,0.638666452
699,0.066317616,0.696106783,0.701545106
700,0.046410431,0.672543256,0.744168945
701,0.029470239,0.644604127,0.771141403
702,0.022381226,0.607565493,0.789775248
703,0.02381293,0.577940075,0.822514572
704,0.029575897,0.543362262,0.87482344
705,0.028102182,0.481768983,0.927753146
706,0.023232532,0.405980073,0.92423602
707,0.030671785,0.356358581,0.888952883
708,0.049418533,0.327156636,0.85144857
709,0.0720493,0.265813892,0.81057139
710,0.089206669,0.216733149,0.774990689
711,0.095133532,0.22271535,0.763060362
712,0.094631656,0.242573757,0.767896608
713,0.089310704,0.278007446,0.778307057
714,0.081120665,0.296576252,0.783371039
715,0.085754388,0.29538938,0.773868516
716,0.093751862,0.245909412,0.743152943
717,0.088814958,0.214787176,0.684876452
718,0.08133721,0.233873807,0.603455364
719,0.075526823,0.23965364,0.494623012
720,0.072938289,0.196737516,0.383143691
721,0.075636629,0.113484468,0.309235178
722,0.079583573,0.057751263,0.263313697
723,0.081654365,0.059431601,0.236290455
724,0.082813269,0.06540785,0.23948399
725,0.085402795,0.026645671,0.261150606
726,0.090507832,0.004863555,0.279381827
727,0.093747084,0.006750009,0.287477627
728,0.091941069,0.019773205,0.286381164
729,0.084810226,0.023615552,0.25233367
730,0.072290547,0.02025664,0.171524215
731,0.064826051,0.015443456,0.105330144
732,0.062462176,0.027018883,0.074773749
733,0.066757197,0.033021806,0.076405351
734,0.07908341,0.023109411,0.093404261
735,0.097589723,0.014446055,0.114649686
736,0.115421429,0.011520427,0.1389255
737,0.139821158,0.013321347,0.159761476
738,0.164438154,0.015659271,0.160864446
739,0.183679476,0.019906243,0.139951341
740,0.191892504,0.026523434,0.115015332
741,0.1918724,0.019913518,0.089139021
742,0.201513616,0.012865027,0.060724133
743,0.213948823,0.008136715,0.037707767
744,0.225820579,0.004673312,0.024899032
745,0.238333316,0.006678915,0.02128383
746,0.252594642,0.005866798,0.012872533
747,0.267360999,0.004039644,0.00211437
748,0.282819363,0.006682443,0.000209168
749,0.302405336,0.016409994,0.000283281
750,0.324669095,0.036667516,0.001905678
751,0.353112141,0.063712853,0.004945432
752,0.383265552,0.091516959,0.006348188
753,0.40439619,0.114838768,0.013879172
754,0.38905286,0.117749847,0.027926248
755,0.379617371,0.107215138,0.035797645
756,0.370873348,0.094749005,0.053056825
757,0.365114078,0.084075416,0.036417054
758,0.360586554,0.071229347,0.00886169
759,0.355947512,0.064110645,0.010270476
760,0.354933392,0.063652671,0.028937966
761,0.355948774,0.067857539,0.050756141
762,0.355706175,0.072810484,0.075061156
763,0.352309428,0.073172895,0.109621095
764,0.331476833,0.066175107,0.147417417
765,0.28737276,0.053748213,0.180368606
766,0.284719767,0.038835367,0.202605434
767,0.308924047,0.025495061,0.206603422
768,0.333911027,0.014237074,0.174875974
769,0.366713464,0.005119051,0.128131312
770,0.40453268,0.000617134,0.105178585
771,0.455112822,2.66e-5,0.092341125
772,0.493504232,8.82e-7,0.11142822
773,0.463511743,0.0,0.14911488
774,0.391224892,0.0,0.189960319
775,0.353513408,0.0,0.22673937
776,0.339928673,1.21e-6,0.255629884
777,0.346989288,2.68e-5,0.274647785
778,0.319657725,0.000177458,0.267645592
779,0.276125937,0.000717988,0.249816994
780,0.225867638,0.002198382,0.239296882
781,0.172210158,0.003414795,0.229992259
782,0.129426001,0.00261899,0.218570409
783,0.102668887,0.001514564,0.218588183
784,0.093413432,0.000546041,0.224272367
785,0.093488799,0.000152217,0.218599927
786,0.100585294,0.000110222,0.209742523
787,0.109776741,0.000244252,0.204369392
788,0.111384512,0.000835595,0.204380977
789,0.108659848,0.003321216,0.206262216
790,0.122735551,0.009351474,0.201602128
791,0.14423518,0.017804526,0.193325885
792,0.160276467,0.025077539,0.184548148
793,0.176872189,0.029590368,0.17561917
794,0.193943101,0.030385401,0.1620793
795,0.203637597,0.028234634,0.149352772
796,0.191380801,0.023824974,0.151880716
797,0.167102777,0.017493589,0.162805832
798,0.142258237,0.010581003,0.177725128
799,0.114088711,0.00474198,0.20383838
800,0.081394096,0.002053991,0.236465344
801,0.057215599,0.000820935,0.272830979
802,0.041124909,0.000626503,0.281576499
803,0.036518232,0.00094758,0.257218954
804,0.039015623,0.00270342,0.242650545
805,0.04699083,0.009386635,0.252353031
806,0.060360552,0.023348814,0.268204059
807,0.078614349,0.040682691,0.278051915
808,0.101915937,0.047997038,0.278067468
809,0.132178342,0.044675822,0.26874015
810,0.172332945,0.041387672,0.278073816
811,0.207911974,0.039533294,0.309444505
812,0.218049476,0.041344465,0.342534081
813,0.209593489,0.045948999,0.358746788
814,0.208048194,0.063967907,0.359203529
815,0.223543249,0.096053485,0.348136058
816,0.241581223,0.132317588,0.327040447
817,0.252618352,0.170936919,0.295089707
818,0.26046356,0.207335382,0.263749013
819,0.267570062,0.236694504,0.252356364
820,0.276113857,0.244328164,0.282015307
821,0.277189911,0.233360833,0.323246389
822,0.273193383,0.213491293,0.351392121
823,0.272453055,0.186330775,0.355458827
824,0.269469835,0.161670316,0.326886984
825,0.267607655,0.148045637,0.274978041
826,0.26398706,0.136548688,0.200357438
827,0.264963857,0.123093862,0.130270915
828,0.273552188,0.113685183,0.085574444
829,0.285675108,0.105870317,0.059607515
830,0.301165476,0.105230036,0.037726177
831,0.316717778,0.112338488,0.031731257
832,0.325683485,0.13200632,0.063940044
833,0.328095141,0.161599002,0.121532853
834,0.335345526,0.187572208,0.170240168
835,0.344728817,0.206196346,0.217559803
836,0.35280265,0.212894109,0.288042443
837,0.355946881,0.214775713,0.35426143
838,0.368668951,0.238941825,0.360268093
839,0.392596104,0.293269145,0.343593567
840,0.402874244,0.364237044,0.316785048
841,0.328006071,0.077101987,0.135299665
842,0.331416341,0.058416565,0.131509733
843,0.335406829,0.043508017,0.127090076
844,0.336341435,0.02878321,0.140163048
845,0.33585227,0.026792046,0.154539905
846,0.334608533,0.047786734,0.163342082
847,0.328229558,0.107737592,0.168180391
848,0.321620244,0.219834692,0.176444731
849,0.313782789,0.390846011,0.19443314
850,0.279942613,0.513531169,0.138697923
851,0.249607726,0.526582913,0.062500153
852,0.223607257,0.470196641,0.02505932
853,0.205302795,0.396813773,0.019998513
854,0.192107066,0.354861763,0.050333203
855,0.182872436,0.352773493,0.158058776
856,0.190251107,0.389360105,0.344230909
857,0.207872037,0.453070754,0.543803096
858,0.219806269,0.504863624,0.703312397
859,0.230868731,0.529297135,0.812025247
860,0.240300073,0.527711037,0.87275065
861,0.25936668,0.53838628,0.891409411
862,0.27993522,0.517804925,0.837140113
863,0.290778973,0.472063034,0.71957811
864,0.289443191,0.434051358,0.576926793
865,0.27861837,0.394240966,0.430075462
866,0.263054077,0.354504312,0.310649043
867,0.252616098,0.32945995,0.22437457
868,0.246149225,0.319562766,0.171655778
869,0.24614075,0.330713728,0.142460717
870,0.249682282,0.345757628,0.127482543
871,0.254457904,0.375307103,0.115596811
872,0.26138302,0.382895793,0.099036074
873,0.269007355,0.377713034,0.076780202
874,0.256640033,0.352776358,0.049236105
875,0.256634083,0.325753728,0.021239076
876,0.248204149,0.293100836,0.004756737
877,0.239740499,0.239480591,0.000333272
878,0.232621826,0.185478316,6.19e-6
879,0.229798807,0.16160253,0.0
880,0.231622221,0.170918071,0.0
881,0.240944569,0.204275614,0.0
882,0.251927698,0.248771553,0.0
883,0.260995366,0.290011637,6.35e-7
884,0.267975836,0.319215015,7.3e-6
885,0.28474537,0.35142327,2.19e-5
886,0.291814369,0.388451874,7.03e-5
887,0.293620655,0.420584297,0.000346761
888,0.285865509,0.435189292,0.000268998
889,0.272268063,0.407599238,9.68e-6
890,0.254471517,0.34361623,2.75e-5
891,0.24045252,0.277294528,0.003122754
892,0.240366695,0.228565284,0.002087549
893,0.247999865,0.199337217,0.004855607
894,0.256192158,0.165588275,0.001164228
895,0.264424207,0.132262256,0.002567619
896,0.276110612,0.110502847,0.000318036
897,0.288178449,0.102169826,0.0
898,0.270359184,0.09869452,0.0
899,0.261627332,0.098354374,0.002374321
900,0.2479794,0.093350836,0.060212164
901,0.240434129,0.078772294,0.093665641
902,0.236386845,0.056818453,0.137775079
903,0.229827205,0.03684828,0.182343954
904,0.233426163,0.023006905,0.216031674
905,0.244311296,0.017655506,0.234047855
906,0.256316027,0.020441262,0.257605549
907,0.265239632,0.029721422,0.309142815
908,0.272016358,0.048198634,0.385471672
909,0.282826034,0.068930221,0.457560364
910,0.295238072,0.093676763,0.497883043
911,0.306962159,0.11930839,0.52331039
912,0.310872503,0.13149533,0.516786838
913,0.298216694,0.131651956,0.456692747
914,0.279959291,0.123882832,0.376252906
915,0.261944396,0.10922989,0.319122709
916,0.252618172,0.084024163,0.321341346
917,0.252628629,0.059800735,0.356213925
918,0.261012044,0.04208582,0.381727922
919,0.271626902,0.032202193,0.375361008
920,0.285122116,0.027286062,0.344963313
921,0.295344902,0.025124714,0.331958106
922,0.278803001,0.026078577,0.290155702
923,0.254565816,0.029527761,0.237900792
924,0.245066679,0.028423114,0.193425391
925,0.231630064,0.020755395,0.138282762
926,0.221821797,0.01192406,0.065785258
927,0.218924041,0.005055673,0.02653603
928,0.215478792,0.001112473,0.025576208
929,0.215665046,0.000180544,0.020595069
930,0.217724298,6.08e-5,0.031124227
931,0.221794751,0.000132267,0.066358643
932,0.227098664,0.002724914,0.098364294
933,0.239759792,0.014862144,0.100095401
934,0.250681977,0.048013351,0.077037297
935,0.250975692,0.071710908,0.066968848
936,0.23340678,0.077874644,0.064834005
937,0.223600045,0.07822449,0.050328601
938,0.227070807,0.096267206,0.046938595
939,0.240996857,0.116815494,0.051288105
940,0.248684569,0.178421008,0.033793255
941,0.267607385,0.218901551,0.01047885
942,0.298191361,0.249688822,0.003359536
943,0.331421119,0.265751065,0.00193234
944,0.359869936,0.319106997,0.001760784
945,0.370124275,0.345786837,0.001290554
946,0.357905794,0.347954908,0.000567672
947,0.32849785,0.339915409,0.000258047
948,0.307194571,0.319107879,0.000267411
949,0.286533806,0.248895112,0.000303594
950,0.27058222,0.169213925,0.000268204
951,0.260905034,0.137597783,0.000247256
952,0.247991932,0.138177773,0.000105377
953,0.227999643,0.136685915,1.67e-5
954,0.209590334,0.121961549,2.54e-5
955,0.194354645,0.102887814,0.000197582
956,0.183481502,0.082157329,0.000818578
957,0.186951273,0.059421571,0.00134356
958,0.203611904,0.042141372,0.001592879
959,0.231043896,0.025120526,0.002118972
960,0.252314991,0.010834514,0.003843414
961,0.258325695,0.002521333,0.005804479
962,0.266787272,0.000323723,0.006123309
963,0.27802517,4.5e-5,0.006038245
964,0.276141804,0.000112096,0.006358027
965,0.268306964,0.001701941,0.006180758
966,0.269902835,0.010355157,0.004156848
967,0.274773207,0.02528641,0.002154045
968,0.291472873,0.042113706,0.00084159
969,0.31301785,0.065543093,0.000860475
970,0.32364614,0.09407665,0.002564445
971,0.340251237,0.130173104,0.004932418
972,0.37167498,0.167834714,0.005764804
973,0.386292045,0.204291926,0.007016318
974,0.386210998,0.228574433,0.010355222
975,0.373447548,0.234578458,0.01166482
976,0.361832274,0.21671353,0.00525347
977,0.360267145,0.198637416,0.001240246
978,0.361622581,0.200560684,0.000867458
979,0.360383532,0.216796307,0.003458089
980,0.354579906,0.234587386,0.017392488
981,0.359867682,0.246677661,0.056444768
982,0.380341472,0.266872135,0.119250419
983,0.406301552,0.293565973,0.201757655
984,0.427916487,0.312161123,0.286953915
985,0.444431252,0.331177212,0.355491995
986,0.446793054,0.345757848,0.414190313
987,0.435860771,0.352805567,0.47774408
988,0.41638289,0.341206332,0.539261082
989,0.398073289,0.321740206,0.551854936
990,0.386955564,0.302764459,0.515873832
991,0.39098058,0.278325657,0.473285542
992,0.410954117,0.234606123,0.47441438
993,0.426020951,0.185983795,0.48942477
994,0.4230371,0.150247216,0.44271042
995,0.426698984,0.12391656,0.418844212
996,0.440739708,0.099209809,0.471046275
997,0.459206263,0.071724575,0.555864827
998,0.468819352,0.039433322,0.630055827
999,0.469620443,0.013589959,0.656409351
1000,0.465679898,0.002543378,0.699670374
1001,0.456083759,0.000354585,0.796612868
1002,0.448579416,2.13e-5,0.856581427
1003,0.44142333,7.94e-6,0.885735225
1004,0.427914413,3.34e-5,0.955110452
1005,0.418218205,4.44e-5,1.0
1006,0.423099665,0.000171396,1.0
1007,0.433458221,0.001253227,1.0
1008,0.438438037,0.006739758,1.0
1009,0.410137701,0.039569888,0.644719774
1010,0.396889503,0.042412629,0.62903554
1011,0.385360685,0.043409809,0.604408997
1012,0.37710177,0.042536408,0.599548153
1013,0.384937962,0.043347423,0.602322241
1014,0.425155311,0.042076341,0.583435586
1015,0.464323562,0.045182844,0.543804683
1016,0.501149122,0.057048046,0.500653005
1017,0.513585771,0.065565688,0.474414697
1018,0.492892551,0.065004437,0.43318187
1019,0.469367837,0.053489742,0.379706392
1020,0.474426265,0.034097354,0.347787075
1021,0.472514592,0.012631136,0.322436539
1022,0.464652797,0.00324395,0.29702538
1023,0.447453688,0.000667285,0.27280273
1024,0.433507894,0.000511762,0.241196529
1025,0.415228133,0.000886297,0.189954288
1026,0.392625584,0.001467609,0.15147222
1027,0.368997555,0.002592537,0.13281584
1028,0.344186733,0.005592235,0.117645003
1029,0.329221951,0.0091016,0.103783447
1030,0.314342453,0.009013312,0.092599014
1031,0.29534364,0.00584795,0.085669664
1032,0.269251577,0.002394578,0.087677387
1033,0.252601494,0.001219168,0.089500065
1034,0.231960562,0.001480395,0.079277199
1035,0.200250676,0.002874155,0.066888069
1036,0.177282741,0.004066098,0.057562815
1037,0.163048461,0.003672164,0.04484803
1038,0.158658149,0.002054652,0.029765272
1039,0.154963449,0.000336619,0.020742502
1040,0.15419896,1.34e-5,0.02873832
1041,0.150440433,0.0,0.044673777
1042,0.139795735,0.0,0.059801764
1043,0.139825125,0.0,0.06911956
1044,0.15794108,4.96e-6,0.076537866
1045,0.19172987,0.000141084,0.085291322
1046,0.227784631,0.000497212,0.089598777
1047,0.257446983,0.000624078,0.091309253
1048,0.28328635,9.4e-5,0.086956092
1049,0.30591865,1.84e-5,0.074960222
1050,0.316799185,3.53e-5,0.054049339
1051,0.311504378,3.03e-5,0.045902438
1052,0.308914311,1.98e-6,0.047457229
1053,0.335117171,0.0,0.062793749
1054,0.380344627,0.0,0.097426214
1055,0.404705682,2.2e-6,0.140317464
1056,0.392053209,2.14e-5,0.188501542
1057,0.353101594,3.56e-5,0.221840279
1058,0.31269168,2.8e-5,0.223415859
1059,0.290739847,8.01e-5,0.22211737
1060,0.309491374,0.000616583,0.241153839
1061,0.360670395,0.005225525,0.259779908
1062,0.398194814,0.012527747,0.252349223
1063,0.421067459,0.014943598,0.249267096
1064,0.433871748,0.021471289,0.254819875
1065,0.444424941,0.032743495,0.238223906
1066,0.443016947,0.048004863,0.212696102
1067,0.445834468,0.05989718,0.188661195
1068,0.453272909,0.073349692,0.158783721
1069,0.441353012,0.072999075,0.125015541
1070,0.427934247,0.05949553,0.087223662
1071,0.412932322,0.056897151,0.057180346
1072,0.393107627,0.064761066,0.055981044
1073,0.37266575,0.07373569,0.081019416
1074,0.352071878,0.086682502,0.116668041
1075,0.32913811,0.084696187,0.145258928
1076,0.313684975,0.067344675,0.163846274
1077,0.319668904,0.044174862,0.168101358
1078,0.319667461,0.021728106,0.162823131
1079,0.309584501,0.009058393,0.153675304
1080,0.289124053,0.007049042,0.124793994
1081,0.254483326,0.01839686,0.07750848
1082,0.222807429,0.060371025,0.032921354
1083,0.217472053,0.137388912,0.007095509
1084,0.238366583,0.167523006,0.001283889
1085,0.261651493,0.155672574,0.000457852
1086,0.273491155,0.145277737,0.000461026
1087,0.28525509,0.164274316,0.001340386
1088,0.296450165,0.212753356,0.004365857
1089,0.304046463,0.266857476,0.00896913
1090,0.28774626,0.313387015,0.005501043
1091,0.257115224,0.365942513,0.00096617
1092,0.226301179,0.405197055,5.11e-5
1093,0.19015257,0.396050043,6.35e-7
1094,0.154676856,0.379351928,0.0
1095,0.124896674,0.383672639,2.54e-6
1096,0.109050837,0.345779782,0.000108393
1097,0.102562598,0.355904906,0.001159785
1098,0.100071337,0.39275021,0.001459412
1099,0.103310949,0.47293886,0.0003493
1100,0.110515086,0.568020957,0.000132356
1101,0.125106999,0.619789248,7.0e-5
1102,0.137027798,0.63006284,4.7e-5
1103,0.146829304,0.61232048,1.97e-5
1104,0.154410096,0.60358581,7.94e-6
1105,0.155545651,0.590291246,4.13e-6
1106,0.152168286,0.567141604,1.3e-5
1107,0.145489375,0.523750753,4.28e-5
1108,0.140305455,0.478921612,5.16e-5
1109,0.141554781,0.396825126,7.63e-5
1110,0.148167971,0.294226535,0.000266935
1111,0.158435293,0.241717661,0.000445314
1112,0.174107948,0.229079802,0.001463221
1113,0.196026154,0.232577373,0.003715184
1114,0.197776455,0.229456982,0.004054962
1115,0.204055993,0.221774383,0.002188642
1116,0.211352445,0.199694998,0.000456582
1117,0.214277427,0.173595038,0.000179491
1118,0.211241918,0.12783,9.2e-5
1119,0.201321412,0.097297784,0.000168381
1120,0.196040127,0.089258726,0.000456899
1121,0.19524084,0.093004187,0.000859682
1122,0.193975466,0.127801894,0.001849498
1123,0.191897012,0.183204321,0.004269208
1124,0.194403237,0.24480741,0.008578091
1125,0.213541967,0.31912849,0.013331019
1126,0.219379669,0.401637318,0.023242038
1127,0.214963303,0.472283699,0.040271577
1128,0.203320983,0.534098966,0.06070366
1129,0.191164977,0.598976206,0.076785122
1130,0.181304602,0.649044209,0.078980905
1131,0.178751678,0.679755867,0.067093269
1132,0.181014944,0.686541478,0.060198992
1133,0.186958755,0.681346925,0.061360999
1134,0.192863712,0.6754518,0.07680004
1135,0.198065482,0.668212404,0.095883801
1136,0.204907749,0.646661535,0.119937435
1137,0.216321984,0.633361681,0.158676757
1138,0.203937082,0.627944149,0.19392133
1139,0.194381781,0.584196949,0.224385838
1140,0.180802275,0.507910166,0.296888897
1141,0.171510849,0.462747824,0.386533539
1142,0.168555035,0.47933241,0.459429858
1143,0.172563374,0.484574248,0.528753666
1144,0.191191753,0.442378757,0.636720781
1145,0.217438967,0.420558064,0.738478255
1146,0.239733738,0.426113374,0.799750064
1147,0.249838425,0.442383166,0.861842832
1148,0.250143229,0.471356841,0.938038539
1149,0.255144501,0.469351678,0.99694174
1150,0.264475414,0.407604639,1.0
1151,0.271389261,0.334151889,0.997701599
1152,0.271359962,0.260204904,1.0
1153,0.263197419,0.187255098,1.0
1154,0.252612132,0.138426765,1.0
1155,0.236137304,0.113099903,1.0
1156,0.223572008,0.118244194,1.0
1157,0.219222174,0.153893808,1.0
1158,0.218346617,0.201486991,1.0
1159,0.223565156,0.254148082,1.0
1160,0.229828286,0.313415893,1.0
1161,0.236379993,0.361088657,1.0
1162,0.233158592,0.363446531,1.0
1163,0.221822428,0.348102275,1.0
1164,0.225630539,0.327142528,1.0
1165,0.233415435,0.324849024,1.0
1166,0.239738786,0.348399434,1.0
1167,0.236134509,0.374271235,1.0
1168,0.229594703,0.391330328,1.0
1169,0.217420756,0.4016285,1.0
1170,0.205991286,0.401814004,0.993639019
1171,0.202925667,0.380008081,0.877677355
1172,0.206882168,0.339755807,0.792003882
1173,0.218969928,0.286930926,0.731293715
1174,0.230611437,0.234591023,0.592316796
1175,0.234982907,0.190545672,0.398092823
1176,0.231597429,0.154244976,0.254085408
1177,0.265597716,0.178828168,1.0
1178,0.264813033,0.214784751,0.978687825
1179,0.269479842,0.239663339,0.930721484
1180,0.273508104,0.238730198,0.906860672
1181,0.27339307,0.232576712,0.89724436
1182,0.27995289,0.237640321,0.904103564
1183,0.283813379,0.259380662,0.912522796
1184,0.295335166,0.30335536,0.908049499
1185,0.323946075,0.350779793,0.886494608
1186,0.328789492,0.396818402,0.853864312
1187,0.340426763,0.426812845,0.826944067
1188,0.389986384,0.459457029,0.799748001
1189,0.430589584,0.515707617,0.771902531
1190,0.44594256,0.572759961,0.742859982
1191,0.443070768,0.602895267,0.70138831
1192,0.463264817,0.633295548,0.648986284
1193,0.495261205,0.672703629,0.595460657
1194,0.528708048,0.716947049,0.561732627
1195,0.558346871,0.766257274,0.535898055
1196,0.595671333,0.807571759,0.519871186
1197,0.63096449,0.836343396,0.501236389
1198,0.641674457,0.846847243,0.474364389
1199,0.636126593,0.849642809,0.440497497
1200,0.631945163,0.851165309,0.408993499
1201,0.628046089,0.851253927,0.379393434
1202,0.635461001,0.850016463,0.353012137
1203,0.651803035,0.85377989,0.333809668
1204,0.670890468,0.854631136,0.319242052
1205,0.684332041,0.850231175,0.306500606
1206,0.686345857,0.838366415,0.293701552
1207,0.684423996,0.82825066,0.269736791
1208,0.687360968,0.813858504,0.238958691
1209,0.689537778,0.784000406,0.209940581
1210,0.682992743,0.742277879,0.188573275
1211,0.679415872,0.698013296,0.172517999
1212,0.683413933,0.644579658,0.159471213
1213,0.689553825,0.56680256,0.15373688
1214,0.69165581,0.494426241,0.153708313
1215,0.693785831,0.426942686,0.15759172
1216,0.694339004,0.334422044,0.156886771
1217,0.690802431,0.264456946,0.14842834
1218,0.685976053,0.221477996,0.142611166
1219,0.679882499,0.181427319,0.149332935
1220,0.671643147,0.146822171,0.165233953
1221,0.664821074,0.139711294,0.188482815
1222,0.653664403,0.136978885,0.200382195
1223,0.63899532,0.118643639,0.212100815
1224,0.628869538,0.127574174,0.236862413
1225,0.60926932,0.191288901,0.260677043
1226,0.592720658,0.259031588,0.261688284
1227,0.588854219,0.25804069,0.235574874
1228,0.588892083,0.242022315,0.203078997
1229,0.581660991,0.264065767,0.197327048
1230,0.578935966,0.303220558,0.202323105
1231,0.57962617,0.322157287,0.209436389
1232,0.580902181,0.329101948,0.217116869
1233,0.579269258,0.331076469,0.219503887
1234,0.5631261,0.382077172,0.215132793
1235,0.579993179,0.456704229,0.198654262
1236,0.593280141,0.465020385,0.18526008
1237,0.583657948,0.426814829,0.174755203
1238,0.567395969,0.400199469,0.158859104
1239,0.556247051,0.386067878,0.15100072
1240,0.546347099,0.355521884,0.155502266
1241,0.540212616,0.322923111,0.17491676
1242,0.536025686,0.320939331,0.206623419
1243,0.520307414,0.342265347,0.243939354
1244,0.490681212,0.361091743,0.27989697
1245,0.466366496,0.367003071,0.320981571
1246,0.44203384,0.3860541,0.355481362
1247,0.417711641,0.425971959,0.370381138
1248,0.384323306,0.47802264,0.368999489
1249,0.352441591,0.543587556,0.355115874
1250,0.340210038,0.59494075,0.337809085
1251,0.331432298,0.630199185,0.309311037
1252,0.328033207,0.646419267,0.303623838
1253,0.327137186,0.64140603,0.314976494
1254,0.31966674,0.610335488,0.336908934
1255,0.298696032,0.561702247,0.383424433
1256,0.284521072,0.517888915,0.458523836
1257,0.271391515,0.461181676,0.535278963
1258,0.260616818,0.379075601,0.571340052
1259,0.247633036,0.292603733,0.550756568
1260,0.245242836,0.214643887,0.487997733
1261,0.248700616,0.14437667,0.390445194
1262,0.257502066,0.092853183,0.285859515
1263,0.241040942,0.064851999,0.207271394
1264,0.220015872,0.056180156,0.182507416
1265,0.204272357,0.05497719,0.203003614
1266,0.194356268,0.046092508,0.250597484
1267,0.196055273,0.051070474,0.321430535
1268,0.207881142,0.223219396,0.407717387
1269,0.229819091,0.326219306,0.492016829
1270,0.243108578,0.271307147,0.553541448
1271,0.246167165,0.177404649,0.606747293
1272,0.244380172,0.080389475,0.658221079
1273,0.244311837,0.027877184,0.691659638
1274,0.251362805,0.017391634,0.698875125
1275,0.261824224,0.005973603,0.695044407
1276,0.273091421,0.002540732,0.69710101
1277,0.288119219,0.002499179,0.698750069
1278,0.302388388,0.009845379,0.692746738
1279,0.313554434,0.018214112,0.672962154
1280,0.321627005,0.027697411,0.648984538
1281,0.317343613,0.02902107,0.632631064
1282,0.294493056,0.026785984,0.602158462
1283,0.276055439,0.038499189,0.543819284
1284,0.264536988,0.044268881,0.47815575
1285,0.254240727,0.026806595,0.407742462
1286,0.241742324,0.012169415,0.333375463
1287,0.231591119,0.00543109,0.272813839
1288,0.218257367,0.001553803,0.272810189
1289,0.206173934,0.000487403,0.33487328
1290,0.197732731,0.000291097,0.443605333
1291,0.194479957,0.000285696,0.562004006
1292,0.197724076,0.00026277,0.645445988
1293,0.221014215,8.08e-5,0.69704356
1294,0.238350806,0.000423364,0.730751593
1295,0.244892956,0.010176818,0.747717652
1296,0.247985531,0.012572057,0.73120024
1297,0.242240594,0.025716608,0.726913575
1298,0.241278582,0.055927967,0.740615636
1299,0.239730672,0.109464223,0.776083819
1300,0.263442903,0.108037065,0.814390047
1301,0.313634219,0.065892607,0.858919089
1302,0.366715087,0.065384703,0.904088646
1303,0.410320258,0.079815327,0.930679428
1304,0.454317951,0.092774705,0.922537288
1305,0.480323829,0.093958712,0.894511851
1306,0.481287374,0.085802267,0.831534644
1307,0.49857366,0.093408262,0.740134932
1308,0.529910045,0.110612408,0.659723498
1309,0.543378394,0.1264757,0.592169997
1310,0.538781813,0.13522536,0.519882295
1311,0.526674399,0.138673111,0.443399339
1312,0.518790336,0.118209254,0.389894344
1313,0.51433268,0.094365652,0.335714711
1314,0.513809799,0.098954975,0.277079238
1315,0.513596679,0.114769659,0.234585851
1316,0.511256874,0.194148616,0.211153213
1317,0.519649485,0.399514107,0.215949943
1318,0.518125555,0.679342314,0.232732226
1319,0.504598338,0.774723112,0.257113894
1320,0.488183912,0.763435585,0.291306599
1321,0.46769732,0.710920649,0.337765759
1322,0.442149775,0.577914062,0.397441515
1323,0.423455946,0.386439547,0.467952721
1324,0.409395028,0.345717727,0.549935133
1325,0.404396551,0.468626967,0.616453271
1326,0.394999917,0.53107039,0.628938257
1327,0.380343996,0.537915851,0.574796236
1328,0.361286584,0.484177889,0.500205786
1329,0.347433918,0.453121566,0.441283541
1330,0.304657243,0.445614441,0.401376341
1331,0.260460224,0.426139277,0.34213479
1332,0.238062951,0.378487124,0.294162736
1333,0.222140033,0.329473066,0.255639406
1334,0.211137162,0.288678279,0.217148133
1335,0.200249595,0.265837149,0.180861213
1336,0.190560779,0.268006653,0.184521963
1337,0.18174238,0.262254045,0.215230552
1338,0.175106291,0.265994767,0.282446656
1339,0.172870341,0.208091286,0.523559232
1340,0.180860153,0.14462445,0.889217595
1341,0.203137524,0.118231849,1.0
1342,0.223573901,0.122692432,1.0
1343,0.23613514,0.125937595,1.0
1344,0.247993284,0.118098921,1.0
1345,0.49139143,0.867520743,1.0
1346,0.474424282,0.870912061,1.0
1347,0.460412587,0.871660139,1.0
1348,0.456451218,0.871835392,0.979016652
1349,0.466630191,0.870346951,0.952531883
1350,0.461469439,0.866077273,0.929388874
1351,0.451293893,0.858718397,0.920928539
1352,0.455322335,0.846524843,0.933310686
1353,0.460536276,0.817612563,0.955169489
1354,0.461434821,0.795518188,0.977126051
1355,0.487473153,0.767816588,0.981316385
1356,0.490214135,0.74472382,0.964525848
1357,0.491291812,0.72979874,0.916262261
1358,0.486028107,0.711884102,0.861823312
1359,0.475497812,0.699209869,0.849185656
1360,0.466643984,0.683565478,0.880361936
1361,0.458609367,0.684016066,0.916200844
1362,0.452998126,0.690551913,0.934384138
1363,0.455407799,0.700672407,0.940559976
1364,0.45431137,0.724106533,0.944258179
1365,0.449850739,0.76223747,0.940836116
1366,0.439367414,0.799657473,0.948559286
1367,0.424105311,0.820713334,0.964916252
1368,0.414550461,0.834451321,0.990652113
1369,0.406301012,0.847921248,1.0
1370,0.400888376,0.846193956,1.0
1371,0.3992779,0.842896107,1.0
1372,0.419343572,0.832879993,1.0
1373,0.447624526,0.816020182,1.0
1374,0.472680382,0.805530113,1.0
1375,0.487905072,0.802285171,1.0
1376,0.49232865,0.800909597,1.0
1377,0.501738536,0.79552943,1.0
1378,0.509328433,0.75502067,1.0
1379,0.544152619,0.676282434,0.950492737
1380,0.561265723,0.567869842,0.90698065
1381,0.566041074,0.447948617,0.871455335
1382,0.566196677,0.426799838,0.838174841
1383,0.562410563,0.407650601,0.807590832
1384,0.561362005,0.371733699,0.811207304
1385,0.56255679,0.369374061,0.835255224
1386,0.561602441,0.351352838,0.858884174
1387,0.55840511,0.099066299,0.891416394
1388,0.546482327,0.011922517,0.93664483
1389,0.523012245,0.069267281,0.980973432
1390,0.492538704,0.169359749,1.0
1391,0.472539023,0.269136982,1.0
1392,0.455723151,0.427562025,1.0
1393,0.456411191,0.576227332,1.0
1394,0.461853397,0.636100263,1.0
1395,0.458756675,0.692352393,1.0
1396,0.4532675,0.721508485,1.0
1397,0.452230572,0.64419873,1.0
1398,0.454967316,0.334709944,1.0
1399,0.460929429,0.418411707,1.0
1400,0.464220788,0.47841459,1.0
1401,0.467619699,0.079862061,1.0
1402,0.459675324,0.005008608,1.0
1403,0.478147019,0.157494217,1.0
1404,0.487899392,0.403165659,1.0
1405,0.498942021,0.45655069,1.0
1406,0.511348198,0.412701094,1.0
1407,0.521874977,0.331976984,1.0
1408,0.538565268,0.353721955,1.0
1409,0.557092857,0.393228685,1.0
1410,0.571889415,0.184985623,1.0
1411,0.583854659,0.023273532,1.0
1412,0.585895701,0.004930571,1.0
1413,0.574317118,0.311100675,1.0
1414,0.551187901,0.854361092,1.0
1415,0.53289011,0.872005134,1.0
1416,0.519329355,0.868494667,1.0
1417,0.502895186,0.843736441,1.0
1418,0.48847339,0.814877508,1.0
1419,0.48186615,0.752140122,1.0
1420,0.480403433,0.77183,1.0
1421,0.477822652,0.752225104,1.0
1422,0.479012929,0.736287632,1.0
1423,0.482692212,0.748261182,1.0
1424,0.477825988,0.775919795,1.0
1425,0.473165219,0.78775689,1.0
1426,0.452985685,0.752440037,1.0
1427,0.469380999,0.721906057,1.0
1428,0.479230556,0.718608539,1.0
1429,0.482123083,0.700704151,1.0
1430,0.485280386,0.641515921,1.0
1431,0.494623109,0.393844056,1.0
1432,0.514941297,0.2783617,0.991277077
1433,0.538840863,0.295560775,1.0
1434,0.555936567,0.345795654,1.0
1435,0.566325865,0.287130649,1.0
1436,0.565934785,0.23700996,1.0
1437,0.552577143,0.195953285,1.0
1438,0.53143758,0.193138871,1.0
1439,0.516665454,0.170796826,1.0
1440,0.503483428,0.146049954,0.988502036
1441,0.484787615,0.132455696,0.936595632
1442,0.467541267,0.128786398,0.928085941
1443,0.459665588,0.125555565,0.996251392
1444,0.45251996,0.108044671,1.0
1445,0.453616569,0.141453908,1.0
1446,0.458993775,0.147802597,1.0
1447,0.473120594,0.047997038,0.94767088
1448,0.488653964,0.195880759,0.889671638
1449,0.508189182,0.349141009,0.880159593
1450,0.508994059,0.305311363,0.890577661
1451,0.515754378,0.14569074,0.864335544
1452,0.50738737,0.342248814,0.838126914
1453,0.500978194,0.267105696,0.849181212
1454,0.496936139,0.310442318,0.847875899
1455,0.493659925,0.543008669,0.829033838
1456,0.496958046,0.58928613,0.728022258
1457,0.50228684,0.491111308,0.568968111
1458,0.507558389,0.500982369,0.415665119
1459,0.513588836,0.612432906,0.332289791
1460,0.513598663,0.562931776,0.309271362
1461,0.499710116,0.543731065,0.351663181
1462,0.485551924,0.706887398,0.41485765
1463,0.482375328,0.799197185,0.451267721
1464,0.478435055,0.836208484,0.53182754
1465,0.476129327,0.836212452,0.672960567
1466,0.465007905,0.834862781,0.775631998
1467,0.461712399,0.830680619,0.819337224
1468,0.453001552,0.832448584,0.838145482
1469,0.439912563,0.833900321,0.845717252
1470,0.429769381,0.823062831,0.849935993
1471,0.425210845,0.799220111,0.877669737
1472,0.444416016,0.796393352,0.894494712
1473,0.461326458,0.803255016,0.926892829
1474,0.473923668,0.834436441,0.9329206
1475,0.511878382,0.846573782,0.883636885
1476,0.532328372,0.841517117,0.811024005
1477,0.554184373,0.81760617,0.762919118
1478,0.578540289,0.82272985,0.760434341
1479,0.585301689,0.833090959,0.781871952
1480,0.588847007,0.823053242,0.841219038
1481,0.587785106,0.802038493,0.928121807
1482,0.5834698,0.795989608,1.0
1483,0.58192757,0.802008954,1.0
1484,0.578501343,0.805514902,1.0
1485,0.56935398,0.800523269,1.0
1486,0.551477018,0.786690931,1.0
1487,0.535272917,0.773934252,1.0
1488,0.517963823,0.759305559,1.0
1489,0.493663351,0.733779525,1.0
1490,0.485188341,0.719669207,1.0
1491,0.466646959,0.714133627,1.0
1492,0.458061784,0.692989368,0.991345159
1493,0.450047812,0.66024466,0.977740064
1494,0.438056243,0.622190108,0.968116135
1495,0.427914594,0.596506347,0.967487521
1496,0.436213807,0.611665539,0.974593505
1497,0.444427646,0.573691008,0.970143854
1498,0.433621846,0.545432566,0.92807991
1499,0.493696617,0.608728999,0.855582882
1500,0.515537382,0.656398015,0.739502668
1501,0.533914056,0.65354833,0.590344304
1502,0.546533173,0.627911413,0.44082807
1503,0.550750033,0.623157418,0.292311492
1504,0.557223487,0.627033713,0.188191917
1505,0.5617978,0.633018119,0.126240075
1506,0.560396748,0.648199797,0.088877323
1507,0.552380612,0.671358587,0.064001303
1508,0.530237026,0.681361254,0.0462173
1509,0.492425564,0.664491633,0.032164351
1510,0.456195006,0.621793088,0.024835234
1511,0.4242647,0.562995705,0.022002427
1512,0.401734542,0.484110984,0.021353182
1513,0.500639944,0.001013163,1.0
1514,0.479809512,6.61e-6,1.0
1515,0.459839581,0.011286976,1.0
1516,0.438057145,0.026945034,1.0
1517,0.41318015,0.033819153,1.0
1518,0.401592733,0.1052221,1.0
1519,0.407808263,0.214806906,1.0
1520,0.40366668,0.287640978,1.0
1521,0.39577243,0.390825841,1.0
1522,0.369633848,0.504604271,1.0
1523,0.365402744,0.603633536,1.0
1524,0.381102355,0.660013414,1.0
1525,0.395581037,0.710910288,1.0
1526,0.409431991,0.75225288,1.0
1527,0.427911889,0.781619496,1.0
1528,0.450737114,0.798458586,1.0
1529,0.458437628,0.802017992,1.0
1530,0.450991974,0.804191795,1.0
1531,0.438465173,0.818848374,0.938633508
1532,0.419223039,0.827592082,0.818115388
1533,0.408827161,0.827583154,0.602423968
1534,0.384174284,0.827076463,0.334882643
1535,0.350164802,0.82640521,0.19238241
1536,0.321762324,0.819976388,0.177165232
1537,0.293409609,0.802008292,0.232795548
1538,0.284407391,0.764751859,0.357505431
1539,0.27804897,0.708673879,0.457730015
1540,0.286408404,0.646386531,0.425254769
1541,0.341153208,0.629616661,0.294127029
1542,0.406299659,0.692407945,0.228601564
1543,0.457750489,0.715360621,0.210254491
1544,0.489568016,0.645839057,0.222029291
1545,0.50512762,0.526350123,0.235929252
1546,0.496918559,0.435455479,0.241187642
1547,0.493690036,0.356352959,0.266799241
1548,0.469627294,0.270445319,0.311396047
1549,0.437414992,0.19247886,0.356598774
1550,0.406302093,0.152708919,0.441384951
1551,0.387075015,0.138740898,0.626605832
1552,0.38822256,0.147118338,0.865720525
1553,0.397385429,0.147539166,1.0
1554,0.411025968,0.11822744,1.0
1555,0.427921896,0.077520611,0.979049027
1556,0.43497638,0.052670239,0.889977137
1557,0.44168982,0.045053333,0.866711611
1558,0.444772748,0.048108252,0.841125564
1559,0.438058587,0.064989667,0.79347234
1560,0.430392782,0.11258274,0.771139022
1561,0.427024974,0.194002241,0.756562361
1562,0.420840366,0.251585967,0.735584506
1563,0.414824974,0.331785639,0.732554116
1564,0.41823308,0.416005005,0.73897848
1565,0.421858993,0.490811724,0.730238037
1566,0.429767398,0.499073541,0.695044248
1567,0.438044163,0.509664573,0.645545811
1568,0.452532852,0.53992917,0.598980004
1569,0.466650655,0.563649102,0.566067855
1570,0.472694175,0.607582908,0.532435205
1571,0.49356842,0.651478246,0.506583175
1572,0.498922097,0.688072795,0.494283234
1573,0.496951465,0.692399899,0.481122501
1574,0.48956459,0.694699135,0.459462074
1575,0.483170739,0.703176546,0.436556958
1576,0.477824635,0.718313033,0.422085833
1577,0.478453716,0.746089363,0.440683335
1578,0.490063311,0.772464108,0.490311907
1579,0.503312229,0.802154998,0.533117777
1580,0.502648079,0.822751674,0.569973639
1581,0.496746008,0.837231677,0.595488271
1582,0.498550851,0.858578084,0.62660361
1583,0.502402866,0.857588729,0.665215337
1584,0.504334102,0.858779019,0.684876134
1585,0.503171592,0.865464217,0.695043772
1586,0.486793407,0.866939321,0.695044248
1587,0.474104513,0.868784992,0.678953265
1588,0.463372728,0.869693333,0.652414061
1589,0.462345807,0.868572484,0.614512996
1590,0.468501927,0.865837429,0.574809091
1591,0.466156893,0.859682841,0.548727738
1592,0.465618866,0.852464939,0.533833041
1593,0.466650114,0.846664495,0.519890389
1594,0.452532942,0.834429057,0.489451273
1595,0.476128065,0.800436634,0.454518229
1596,0.502688197,0.74978269,0.42251242
1597,0.514352063,0.648180838,0.386596543
1598,0.514707803,0.544927087,0.368965845
1599,0.512520535,0.536464996,0.372007979
1600,0.516673387,0.577941397,0.396734503
1601,0.517921902,0.644979324,0.439972515
1602,0.514931921,0.681412287,0.497844796
1603,0.513578739,0.672379025,0.556051459
1604,0.509706891,0.674389919,0.618513841
1605,0.511279773,0.725351714,0.695613984
1606,0.509370985,0.76795139,0.759816678
1607,0.503913904,0.806162348,0.784288488
1608,0.489851544,0.833898006,0.77480977
1609,0.468226602,0.852131958,0.753298046
1610,0.453932011,0.859211751,0.740680704
1611,0.440519647,0.859422937,0.722895749
1612,0.438891501,0.856834038,0.673460315
1613,0.442759563,0.856183396,0.62751487
1614,0.442326653,0.858323801,0.592840984
1615,0.446706238,0.857090745,0.555869747
1616,0.459311471,0.851607079,0.54037643
1617,0.471982605,0.849178884,0.581430244
1618,0.469186721,0.853292818,0.554955472
1619,0.476110756,0.854666848,0.457230583
1620,0.476132302,0.844503368,0.390049236
1621,0.477872867,0.819047105,0.35766191
1622,0.479685283,0.800379539,0.341433174
1623,0.479665539,0.806283261,0.330848154
1624,0.478110417,0.813899066,0.34826286
1625,0.478383488,0.816647567,0.387333708
1626,0.484005367,0.823752932,0.459430017
1627,0.495312411,0.834688299,0.540936485
1628,0.498496399,0.843059677,0.613027081
1629,0.493679488,0.851237504,0.652876991
1630,0.490830504,0.857840697,0.676649724
1631,0.508133378,0.860161757,0.707145019
1632,0.518697209,0.863857949,0.759268684
1633,0.521185314,0.866539214,0.819663354
1634,0.521647163,0.868442201,0.877639267
1635,0.521194961,0.870894866,0.906770371
1636,0.530178337,0.871495136,0.911531552
1637,0.527147788,0.871582542,0.894519945
1638,0.531224101,0.87036128,0.861815059
1639,0.54071945,0.846623602,0.834183359
1640,0.550580457,0.813081768,0.821471749
1641,0.553679522,0.720545915,0.818199182
1642,0.540228843,0.482728026,0.788687513
1643,0.549938845,0.331782663,0.74653438
1644,0.555248077,0.37693751,0.728293478
1645,0.557790543,0.345756526,0.755319575
1646,0.561862078,0.304946748,0.7835956
1647,0.567926243,0.321415271,0.771131404
1648,0.581713459,0.30390085,0.767911367
1649,0.593579626,0.225550045,0.807567503
1650,0.600069128,0.17590739,0.850673158
1651,0.601239571,0.115434519,0.90413467
1652,0.588905425,0.075898801,0.972736548
1653,0.569712875,0.074672358,1.0
1654,0.560309841,0.0993693,1.0
1655,0.553364891,0.114998811,1.0
1656,0.5401094,0.1070378,1.0
1657,0.5343097,0.09207689,1.0
1658,0.5253653,0.06594066,1.0
1659,0.5112252,0.04482705,0.9926243
1660,0.4915834,0.04553589,0.9891229
1661,0.4779764,0.03545243,0.9935025
1662,0.4728305,0.01319768,0.9858811
1663,0.4637137,0.003687154,0.9596141
1664,0.4527316,0.001153806,0.9110545
1665,0.440766,0.001172875,0.8748279
1666,0.4118359,0.002160466,0.8509504
1667,0.4279755,0.003364092,0.8005233
1668,0.4362204,0.005500199,0.7039908
1669,0.4380562,0.007501945,0.5941358
1670,0.4364387,0.01080398,0.4894632
1671,0.4380502,0.02768903,0.4333512
1672,0.4582788,0.07434996,0.4458787
1673,0.489871,0.1305407,0.4710569
1674,0.5151113,0.1014445,0.4908759
1675,0.5352859,0.08050322,0.5154123
1676,0.5407858,0.09246531,0.5588646
1677,0.5364191,0.1599585,0.610873
1678,0.5305352,0.2285869,0.6950441
1679,0.5272268,0.3328861,0.7896492
1680,0.522418,0.4670807,0.8351299
1681,0.3501318,0.3669865,1.0
1682,0.3725234,0.1137874,1.0
1683,0.3936354,0.1614889,1.0
1684,0.4081982,0.04240833,1.0
1685,0.4224874,0.04199389,1.0
1686,0.4297685,0.07023338,1.0
1687,0.4318212,0.06496586,1.0
1688,0.4283844,0.06520603,1.0
1689,0.4243213,0.2091809,1.0
1690,0.4109528,0.550024,1.0
1691,0.3929065,0.7992269,1.0
1692,0.3706125,0.8470782,1.0
1693,0.3501241,0.8651503,1.0
1694,0.3369307,0.8721007,1.0
1695,0.3320547,0.8676271,0.981646
1696,0.3402561,0.8674134,0.9194863
1697,0.3517844,0.8711846,0.8638918
1698,0.3598684,0.8720988,0.8098207
1699,0.3579171,0.8700203,0.740254
1700,0.3503265,0.861198,0.6695442
1701,0.3441845,0.8301384,0.5903318
1702,0.3452604,0.7323367,0.5023887
1703,0.3485289,0.5433625,0.3857173
1704,0.3496995,0.323597,0.2271934
1705,0.3579123,0.1717808,0.1400358
1706,0.3697418,0.07853984,0.08511897
1707,0.3801186,0.04190693,0.09123133
1708,0.3832,0.03856653,0.2876743
1709,0.3909799,0.05851444,0.6882707
1710,0.3990166,0.0909621,0.9043207
1711,0.4148217,0.1182141,0.9485636
1712,0.4298324,0.1450231,0.9087013
1713,0.4409764,0.18608,0.8632365
1714,0.444429,0.2305935,0.8143656
1715,0.4449293,0.2644194,0.7733604
1716,0.4452162,0.2987261,0.6979196
1717,0.4448963,0.3134002,0.5834134
1718,0.4484493,0.3009759,0.4885392
1719,0.4525187,0.2652072,0.4630828
1720,0.454296,0.2215195,0.4743628
1721,0.4543119,0.1783939,0.4928029
1722,0.4525132,0.1419123,0.5019586
1723,0.4508417,0.1083268,0.4905204
1724,0.446772,0.07765012,0.4553205
1725,0.4423455,0.05552301,0.4045443
1726,0.4444245,0.05106199,0.3803191
1727,0.446669,0.05506669,0.3810403
1728,0.44163,0.05998569,0.3814923
1729,0.4297669,0.07157677,0.3827582
1730,0.4082044,0.08698528,0.3798597
1731,0.3891406,0.105465,0.3855861
1732,0.3890532,0.1231853,0.3872834
1733,0.4050223,0.1377049,0.3706514
1734,0.4298093,0.1522572,0.3316929
1735,0.461338,0.1637885,0.2828563
1736,0.4823113,0.1678061,0.2523175
1737,0.4888662,0.1616512,0.2362543
1738,0.4744181,0.1517788,0.2252519
1739,0.4457891,0.1446777,0.2052188
1740,0.424873,0.1495076,0.1815089
1741,0.4165756,0.1687544,0.1554375
1742,0.4180013,0.2002756,0.1362968
1743,0.4219754,0.2427647,0.1300851
1744,0.4289259,0.2853988,0.1327132
1745,0.4334568,0.3432777,0.1407488
1746,0.4410214,0.4160133,0.1606815
1747,0.4513793,0.4889293,0.1992618
1748,0.4459052,0.5577396,0.2618551
1749,0.436225,0.6208695,0.3319876
1750,0.4381703,0.6841121,0.398926
1751,0.4546425,0.7423007,0.4512666
1752,0.4743983,0.7916739,0.4715287
1753,0.4895805,0.8239536,0.4652099
1754,0.4954336,0.8417096,0.4414562
1755,0.4969565,0.850889,0.4188256
1756,0.4958832,0.8609471,0.40144
1757,0.4953072,0.8685523,0.3998287
1758,0.4988727,0.8716599,0.4156761
1759,0.4992509,0.8721244,0.4407513
1760,0.4936666,0.8716924,0.4639084
1761,0.4912675,0.8710741,0.4798448
1762,0.504735,0.8715094,0.4743736
1763,0.5102505,0.8720612,0.4551932
1764,0.5136198,0.8720771,0.4377678
1765,0.5271767,0.8705881,0.4305831
1766,0.5388062,0.8691911,0.4407668
1767,0.5503438,0.867403,0.4767252
1768,0.5526068,0.862653,0.5512431
1769,0.5488685,0.8537287,0.6482209
1770,0.5435732,0.853743,0.7357435
1771,0.540725,0.864357,0.8040691
1772,0.539886,0.8531677,0.8522694
1773,0.5344249,0.8433555,0.9038195
1774,0.5360855,0.7530766,0.9573792
1775,0.5371071,0.28098,1.0
1776,0.5364203,0.6385663,1.0
1777,0.5400049,0.8038869,1.0
1778,0.5425709,0.7714751,1.0
1779,0.5412971,0.7556649,1.0
1780,0.5360427,0.6279162,1.0
1781,0.5301812,0.4370534,1.0
1782,0.5364696,0.3457638,1.0
1783,0.5551237,0.4920179,1.0
1784,0.5727331,0.580678,1.0
1785,0.5793812,0.6212473,1.0
1786,0.5752628,0.6095488,1.0
1787,0.5631326,0.6088225,1.0
1788,0.5478769,0.6333841,1.0
1789,0.532375,0.6508469,1.0
1790,0.5231953,0.6450452,1.0
1791,0.5244357,0.6231611,1.0
1792,0.5307684,0.6105697,1.0
1793,0.5375509,0.5922959,1.0
1794,0.5452324,0.5586711,1.0
1795,0.5499509,0.5277071,1.0
1796,0.5523134,0.4970801,1.0
1797,0.5465315,0.4399931,1.0
1798,0.5362394,0.3395658,1.0
1799,0.5328023,0.2256503,1.0
1800,0.5218848,0.1331796,1.0
1801,0.5183042,0.07600583,1.0
1802,0.5197968,0.03998884,1.0
1803,0.5008159,0.01612132,1.0
1804,0.4729867,0.004990201,1.0
1805,0.4560482,0.00142363,1.0
1806,0.4396103,0.000485529,1.0
1807,0.423544,0.000344555,1.0
1808,0.4084277,0.000630251,1.0
1809,0.3981249,0.00169136,1.0
1810,0.4082321,0.0044737,0.969753
1811,0.4275542,0.01231028,0.8883498
1812,0.4230359,0.02816817,0.784216
1813,0.4164098,0.04739555,0.6429368
1814,0.4166049,0.05943381,0.5082076
1815,0.413632,0.0652617,0.4077371
1816,0.40955,0.06573389,0.3190983
1817,0.4083887,0.06986491,0.2413563
1818,0.4114657,0.08340163,0.1497225
1819,0.4173263,0.1109401,0.07708856
1820,0.4227787,0.1537231,0.06026898
1821,0.4362135,0.2088418,0.07940257
1822,0.453386,0.2870022,0.08906046
1823,0.4568396,0.3831696,0.07902582
1824,0.4520512,0.4784166,0.05078201
1825,0.4525129,0.5618344,0.01700621
1826,0.4605012,0.6335667,0.006973786
1827,0.4587386,0.6884943,0.006176473
1828,0.4478254,0.7136428,0.01054852
1829,0.4494231,0.7200048,0.01267733
1830,0.4623916,0.719975,0.01220282
1831,0.4741002,0.7199723,0.01357399
1832,0.477798,0.7215624,0.01230788
1833,0.4796601,0.7186061,0.007264208
1834,0.4993736,0.7233794,0.000716216
1835,0.5301726,0.7280081,1.43e-5
1836,0.5512217,0.7215679,0.000523395
1837,0.5537756,0.7172494,0.002241489
1838,0.5355253,0.7198518,0.003153066
1839,0.5078517,0.7261928,0.008520166
1840,0.4679474,0.7072785,0.02177072
1841,0.4324685,0.6723242,0.04716474
1842,0.4245632,0.6485643,0.09423903
1843,0.4380545,0.6394448,0.1529578
1844,0.4525165,0.6338667,0.2175016
1845,0.4669103,0.6248116,0.2874873
1846,0.4835162,0.6299117,0.3514951
1847,0.5112663,0.6488716,0.3862622
1848,0.5238059,0.6723315,0.4156505
1849,0.3735401,0.0489002,1.0
1850,0.3833091,0.0522849,1.0
1851,0.389438,0.01680437,1.0
1852,0.3956097,0.007523659,1.0
1853,0.406738,0.02044997,1.0
1854,0.4208777,0.09298258,1.0
1855,0.4320047,0.2059186,1.0
1856,0.4368262,0.3190921,1.0
1857,0.4316185,0.3884582,1.0
1858,0.4129361,0.4423854,1.0
1859,0.3920987,0.5148011,1.0
1860,0.3803423,0.5930212,0.9711829
1861,0.3708937,0.6698765,0.8890911
1862,0.3598709,0.7149614,0.8719118
1863,0.3422186,0.7288851,0.8285874
1864,0.325126,0.7141376,0.7860232
1865,0.3106075,0.6950016,0.7386022
1866,0.292351,0.6841734,0.6197409
1867,0.2782674,0.6836968,0.4596073
1868,0.2753697,0.678662,0.3547942
1869,0.2797064,0.6549231,0.3228158
1870,0.2872966,0.6308379,0.3008586
1871,0.3007949,0.6148623,0.2780583
1872,0.304863,0.5889495,0.2527676
1873,0.2986009,0.5675468,0.2329539
1874,0.2886339,0.5473841,0.2128264
1875,0.2828082,0.5207321,0.2084244
1876,0.2875486,0.4567018,0.2035392
1877,0.3021205,0.3773521,0.1750945
1878,0.3177146,0.3162981,0.1127385
1879,0.3290424,0.2718368,0.06432997
1880,0.3314157,0.244834,0.0391694
1881,0.3196683,0.226758,0.0281378
1882,0.303284,0.2302148,0.01866178
1883,0.2813314,0.2240971,0.005271879
1884,0.2526008,0.1995278,0.001915676
1885,0.2255598,0.1652062,0.04085988
1886,0.2048585,0.1387428,0.1943205
1887,0.1882022,0.1214719,0.4041763
1888,0.1819013,0.1072956,0.5352607
1889,0.1812691,0.09604423,0.6259836
1890,0.17629,0.09197306,0.7188278
1891,0.164177,0.09152644,0.7925439
1892,0.1431064,0.09217961,0.8452902
1893,0.1163532,0.09914147,0.9041526
1894,0.1020433,0.1304654,0.9864943
1895,0.1064216,0.1831826,1.0
1896,0.1241673,0.2417116,1.0
1897,0.1547276,0.2975479,1.0
1898,0.19187,0.3425043,1.0
1899,0.2132972,0.3777181,1.0
1900,0.2002444,0.3457864,1.0
1901,0.1819379,0.2853697,1.0
1902,0.1795676,0.2469393,1.0
1903,0.1846015,0.2300566,1.0
1904,0.190997,0.2167701,1.0
1905,0.1943788,0.1974035,0.9969367
1906,0.1950309,0.1727394,1.0
1907,0.200682,0.154788,1.0
1908,0.2204375,0.1655732,1.0
1909,0.2470068,0.1904523,1.0
1910,0.2610083,0.2218623,1.0
1911,0.2480051,0.2733766,1.0
1912,0.2218311,0.3275041,1.0
1913,0.2019423,0.3587154,1.0
1914,0.191876,0.3793771,0.9995481
1915,0.183196,0.382981,0.9758207
1916,0.1670938,0.3693659,0.9374923
1917,0.1532759,0.3943124,0.885375
1918,0.15705,0.4697792,0.8325691
1919,0.1634395,0.5545017,0.7759575
1920,0.1706331,0.6321822,0.7264681
1921,0.1772608,0.700747,0.6848769
1922,0.1876668,0.7382493,0.6341095
1923,0.2023592,0.746256,0.5713358
1924,0.2189894,0.7321887,0.5074955
1925,0.2344508,0.7078184,0.4587152
1926,0.2396311,0.6850386,0.4221872
1927,0.2267524,0.6607267,0.4045486
1928,0.2045928,0.6240665,0.3954408
1929,0.1905751,0.5645061,0.382713
1930,0.187722,0.5091071,0.3586313
1931,0.1918569,0.4535896,0.323763
1932,0.187395,0.3891268,0.2856075
1933,0.1820958,0.3375886,0.2565307
1934,0.1828417,0.3135479,0.2451798
1935,0.1908075,0.3197728,0.2436251
1936,0.1944779,0.3251198,0.2347672
1937,0.1943479,0.3335833,0.2227361
1938,0.1932174,0.3563706,0.2078694
1939,0.1918893,0.368157,0.191251
1940,0.1829123,0.3766577,0.1749163
1941,0.1671054,0.3951359,0.1572104
1942,0.1551813,0.4208153,0.1541987
1943,0.1537502,0.4315711,0.1575663
1944,0.1549224,0.4361618,0.1520866
1945,0.1632637,0.4432002,0.1426532
1946,0.1830518,0.4418725,0.1323586
1947,0.2113118,0.4478877,0.121915
1948,0.2433249,0.4529302,0.1015878
1949,0.2750952,0.4268005,0.07773685
1950,0.3014167,0.3775652,0.06226051
1951,0.3265195,0.3422983,0.05272974
1952,0.3519171,0.3305621,0.04292394
1953,0.366712,0.3204092,0.03321479
1954,0.3618326,0.3135393,0.02944168
1955,0.3500174,0.2987244,0.03231178
1956,0.3314364,0.2744056,0.03510508
1957,0.3196803,0.2637127,0.03550516
1958,0.3216275,0.271267,0.04091447
1959,0.3333993,0.288146,0.06271948
1960,0.3513495,0.2787263,0.0907411
1961,0.3668299,0.2495331,0.1054979
1962,0.3787532,0.2249384,0.1196567
1963,0.3867429,0.2095286,0.1398461
1964,0.3855807,0.1979947,0.138305
1965,0.3766245,0.1943186,0.0961401
1966,0.3637531,0.2062056,0.06707248
1967,0.3507029,0.2260172,0.09444423
1968,0.3461415,0.2526805,0.1195764
1969,0.3485157,0.2810001,0.1111291
1970,0.3497515,0.2962148,0.08062901
1971,0.3453134,0.2885229,0.04194539
1972,0.3402623,0.2540764,0.01626206
1973,0.3359885,0.2080924,0.008129444
1974,0.3314404,0.1708709,0.009998463
1975,0.3274616,0.1310862,0.009625834
1976,0.3231314,0.08632615,0.008478903
1977,0.316273,0.04908647,0.008462557
1978,0.3040586,0.03400102,0.005107465
1979,0.2849286,0.02833637,0.002012484
1980,0.2694906,0.02271338,0.001285
1981,0.2623953,0.02249602,0.002808368
1982,0.257115,0.02270346,0.0141123
1983,0.2563222,0.02051599,0.05002517
1984,0.2573375,0.01940749,0.07495483
1985,0.2487091,0.02048083,0.08064806
1986,0.240022,0.02178774,0.08611609
1987,0.2354118,0.01972394,0.08940786
1988,0.2316137,0.01941322,0.09388592
1989,0.2316304,0.02718433,0.09362676
1990,0.2342441,0.04294787,0.0991605
1991,0.2479814,0.0551908,0.1030458
1992,0.2617918,0.06136743,0.1010567
1993,0.2762077,0.0694174,0.09681157
1994,0.2933891,0.07397311,0.08338628
1995,0.2970884,0.07654294,0.06007092
1996,0.2757492,0.0734414,0.01638141
1997,0.2377088,0.05941705,0.000391832
1998,0.2095461,0.03963558,0.0
1999,0.1984924,0.02238547,0.0
2000,0.2019188,0.01136766,3.17e-7
2001,0.2096239,0.008100231,0.000104584
2002,0.2219244,0.009514492,0.005380589
2003,0.2293526,0.01280992,0.05060299
2004,0.2333212,0.01625138,0.1042375
2005,0.240248,0.01944518,0.1468523
2006,0.2417198,0.02813499,0.1839784
2007,0.2340384,0.04486937,0.2249145
2008,0.2182172,0.06048808,0.233543
2009,0.2106728,0.07062037,0.2281721
2010,0.2139287,0.07934225,0.2436488
2011,0.2174041,0.08810514,0.2735301
2012,0.2217953,0.09890108,0.2868333
2013,0.2223609,0.1132152,0.2687573
2014,0.228003,0.147523,0.2460712
2015,0.2334022,0.1943908,0.2358602
2016,0.2331785,0.2388282,0.2655087
