Time_Index,natgas_price_BR,coal_price_BR,coal_price_imported,uranium_price_BR,gasoline_fossil_price_BR,diesel_fossil_price_BR,jetfuel_fossil_price_BR
1,28.58,12.9,17.85,4.535,27.09,38.97,61.59
2,28.58,12.9,17.85,4.535,27.09,38.97,61.59
3,28.58,12.9,17.85,4.535,27.09,38.97,61.59
4,28.58,12.9,17.85,4.535,27.09,38.97,61.59
5,28.58,12.9,17.85,4.535,27.09,38.97,61.59
6,28.58,12.9,17.85,4.535,27.09,38.97,61.59
7,28.58,12.9,17.85,4.535,27.09,38.97,61.59
8,28.58,12.9,17.85,4.535,27.09,38.97,61.59
9,28.58,12.9,17.85,4.535,27.09,38.97,61.59
10,28.58,12.9,17.85,4.535,27.09,38.97,61.59
11,28.58,12.9,17.85,4.535,27.09,38.97,61.59
12,28.58,12.9,17.85,4.535,27.09,38.97,61.59
13,28.58,12.9,17.85,4.535,27.09,38.97,61.59
14,28.58,12.9,17.85,4.535,27.09,38.97,61.59
15,28.58,12.9,17.85,4.535,27.09,38.97,61.59
16,28.58,12.9,17.85,4.535,27.09,38.97,61.59
17,28.58,12.9,17.85,4.535,27.09,38.97,61.59
18,28.58,12.9,17.85,4.535,27.09,38.97,61.59
19,28.58,12.9,17.85,4.535,27.09,38.97,61.59
20,28.58,12.9,17.85,4.535,27.09,38.97,61.59
21,28.58,12.9,17.85,4.535,27.09,38.97,61.59
22,28.58,12.9,17.85,4.535,27.09,38.97,61.59
23,28.58,12.9,17.85,4.535,27.09,38.97,61.59
24,28.58,12.9,17.85,4.535,27.09,38.97,61.59
25,28.58,12.9,17.85,4.535,27.09,38.97,61.59
26,28.58,12.9,17.85,4.535,27.09,38.97,61.59
27,28.58,12.9,17.85,4.535,27.09,38.97,61.59
28,28.58,12.9,17.85,4.535,27.09,38.97,61.59
29,28.58,12.9,17.85,4.535,27.09,38.97,61.59
30,28.58,12.9,17.85,4.535,27.09,38.97,61.59
31,28.58,12.9,17.85,4.535,27.09,38.97,61.59
32,28.58,12.9,17.85,4.535,27.09,38.97,61.59
33,28.58,12.9,17.85,4.535,27.09,38.97,61.59
34,28.58,12.9,17.85,4.535,27.09,38.97,61.59
35,28.58,12.9,17.85,4.535,27.09,38.97,61.59
36,28.58,12.9,17.85,4.535,27.09,38.97,61.59
37,28.58,12.9,17.85,4.535,27.09,38.97,61.59
38,28.58,12.9,17.85,4.535,27.09,38.97,61.59
39,28.58,12.9,17.85,4.535,27.09,38.97,61.59
40,28.58,12.9,17.85,4.535,27.09,38.97,61.59
41,28.58,12.9,17.85,4.535,27.09,38.97,61.59
42,28.58,12.9,17.85,4.535,27.09,38.97,61.59
43,28.58,12.9,17.85,4.535,27.09,38.97,61.59
44,28.58,12.9,17.85,4.535,27.09,38.97,61.59
45,28.58,12.9,17.85,4.535,27.09,38.97,61.59
46,28.58,12.9,17.85,4.535,27.09,38.97,61.59
47,28.58,12.9,17.85,4.535,27.09,38.97,61.59
48,28.58,12.9,17.85,4.535,27.09,38.97,61.59
49,28.58,12.9,17.85,4.535,27.09,38.97,61.59
50,28.58,12.9,17.85,4.535,27.09,38.97,61.59
51,28.58,12.9,17.85,4.535,27.09,38.97,61.59
52,28.58,12.9,17.85,4.535,27.09,38.97,61.59
53,28.58,12.9,17.85,4.535,27.09,38.97,61.59
54,28.58,12.9,17.85,4.535,27.09,38.97,61.59
55,28.58,12.9,17.85,4.535,27.09,38.97,61.59
56,28.58,12.9,17.85,4.535,27.09,38.97,61.59
57,28.58,12.9,17.85,4.535,27.09,38.97,61.59
58,28.58,12.9,17.85,4.535,27.09,38.97,61.59
59,28.58,12.9,17.85,4.535,27.09,38.97,61.59
60,28.58,12.9,17.85,4.535,27.09,38.97,61.59
61,28.58,12.9,17.85,4.535,27.09,38.97,61.59
62,28.58,12.9,17.85,4.535,27.09,38.97,61.59
63,28.58,12.9,17.85,4.535,27.09,38.97,61.59
64,28.58,12.9,17.85,4.535,27.09,38.97,61.59
65,28.58,12.9,17.85,4.535,27.09,38.97,61.59
66,28.58,12.9,17.85,4.535,27.09,38.97,61.59
67,28.58,12.9,17.85,4.535,27.09,38.97,61.59
68,28.58,12.9,17.85,4.535,27.09,38.97,61.59
69,28.58,12.9,17.85,4.535,27.09,38.97,61.59
70,28.58,12.9,17.85,4.535,27.09,38.97,61.59
71,28.58,12.9,17.85,4.535,27.09,38.97,61.59
72,28.58,12.9,17.85,4.535,27.09,38.97,61.59
73,28.58,12.9,17.85,4.535,27.09,38.97,61.59
74,28.58,12.9,17.85,4.535,27.09,38.97,61.59
75,28.58,12.9,17.85,4.535,27.09,38.97,61.59
76,28.58,12.9,17.85,4.535,27.09,38.97,61.59
77,28.58,12.9,17.85,4.535,27.09,38.97,61.59
78,28.58,12.9,17.85,4.535,27.09,38.97,61.59
79,28.58,12.9,17.85,4.535,27.09,38.97,61.59
80,28.58,12.9,17.85,4.535,27.09,38.97,61.59
81,28.58,12.9,17.85,4.535,27.09,38.97,61.59
82,28.58,12.9,17.85,4.535,27.09,38.97,61.59
83,28.58,12.9,17.85,4.535,27.09,38.97,61.59
84,28.58,12.9,17.85,4.535,27.09,38.97,61.59
85,28.58,12.9,17.85,4.535,27.09,38.97,61.59
86,28.58,12.9,17.85,4.535,27.09,38.97,61.59
87,28.58,12.9,17.85,4.535,27.09,38.97,61.59
88,28.58,12.9,17.85,4.535,27.09,38.97,61.59
89,28.58,12.9,17.85,4.535,27.09,38.97,61.59
90,28.58,12.9,17.85,4.535,27.09,38.97,61.59
91,28.58,12.9,17.85,4.535,27.09,38.97,61.59
92,28.58,12.9,17.85,4.535,27.09,38.97,61.59
93,28.58,12.9,17.85,4.535,27.09,38.97,61.59
94,28.58,12.9,17.85,4.535,27.09,38.97,61.59
95,28.58,12.9,17.85,4.535,27.09,38.97,61.59
96,28.58,12.9,17.85,4.535,27.09,38.97,61.59
97,28.58,12.9,17.85,4.535,27.09,38.97,61.59
98,28.58,12.9,17.85,4.535,27.09,38.97,61.59
99,28.58,12.9,17.85,4.535,27.09,38.97,61.59
100,28.58,12.9,17.85,4.535,27.09,38.97,61.59
101,28.58,12.9,17.85,4.535,27.09,38.97,61.59
102,28.58,12.9,17.85,4.535,27.09,38.97,61.59
103,28.58,12.9,17.85,4.535,27.09,38.97,61.59
104,28.58,12.9,17.85,4.535,27.09,38.97,61.59
105,28.58,12.9,17.85,4.535,27.09,38.97,61.59
106,28.58,12.9,17.85,4.535,27.09,38.97,61.59
107,28.58,12.9,17.85,4.535,27.09,38.97,61.59
108,28.58,12.9,17.85,4.535,27.09,38.97,61.59
109,28.58,12.9,17.85,4.535,27.09,38.97,61.59
110,28.58,12.9,17.85,4.535,27.09,38.97,61.59
111,28.58,12.9,17.85,4.535,27.09,38.97,61.59
112,28.58,12.9,17.85,4.535,27.09,38.97,61.59
113,28.58,12.9,17.85,4.535,27.09,38.97,61.59
114,28.58,12.9,17.85,4.535,27.09,38.97,61.59
115,28.58,12.9,17.85,4.535,27.09,38.97,61.59
116,28.58,12.9,17.85,4.535,27.09,38.97,61.59
117,28.58,12.9,17.85,4.535,27.09,38.97,61.59
118,28.58,12.9,17.85,4.535,27.09,38.97,61.59
119,28.58,12.9,17.85,4.535,27.09,38.97,61.59
120,28.58,12.9,17.85,4.535,27.09,38.97,61.59
121,28.58,12.9,17.85,4.535,27.09,38.97,61.59
122,28.58,12.9,17.85,4.535,27.09,38.97,61.59
123,28.58,12.9,17.85,4.535,27.09,38.97,61.59
124,28.58,12.9,17.85,4.535,27.09,38.97,61.59
125,28.58,12.9,17.85,4.535,27.09,38.97,61.59
126,28.58,12.9,17.85,4.535,27.09,38.97,61.59
127,28.58,12.9,17.85,4.535,27.09,38.97,61.59
128,28.58,12.9,17.85,4.535,27.09,38.97,61.59
129,28.58,12.9,17.85,4.535,27.09,38.97,61.59
130,28.58,12.9,17.85,4.535,27.09,38.97,61.59
131,28.58,12.9,17.85,4.535,27.09,38.97,61.59
132,28.58,12.9,17.85,4.535,27.09,38.97,61.59
133,28.58,12.9,17.85,4.535,27.09,38.97,61.59
134,28.58,12.9,17.85,4.535,27.09,38.97,61.59
135,28.58,12.9,17.85,4.535,27.09,38.97,61.59
136,28.58,12.9,17.85,4.535,27.09,38.97,61.59
137,28.58,12.9,17.85,4.535,27.09,38.97,61.59
138,28.58,12.9,17.85,4.535,27.09,38.97,61.59
139,28.58,12.9,17.85,4.535,27.09,38.97,61.59
140,28.58,12.9,17.85,4.535,27.09,38.97,61.59
141,28.58,12.9,17.85,4.535,27.09,38.97,61.59
142,28.58,12.9,17.85,4.535,27.09,38.97,61.59
143,28.58,12.9,17.85,4.535,27.09,38.97,61.59
144,28.58,12.9,17.85,4.535,27.09,38.97,61.59
145,28.58,12.9,17.85,4.535,27.09,38.97,61.59
146,28.58,12.9,17.85,4.535,27.09,38.97,61.59
147,28.58,12.9,17.85,4.535,27.09,38.97,61.59
148,28.58,12.9,17.85,4.535,27.09,38.97,61.59
149,28.58,12.9,17.85,4.535,27.09,38.97,61.59
150,28.58,12.9,17.85,4.535,27.09,38.97,61.59
151,28.58,12.9,17.85,4.535,27.09,38.97,61.59
152,28.58,12.9,17.85,4.535,27.09,38.97,61.59
153,28.58,12.9,17.85,4.535,27.09,38.97,61.59
154,28.58,12.9,17.85,4.535,27.09,38.97,61.59
155,28.58,12.9,17.85,4.535,27.09,38.97,61.59
156,28.58,12.9,17.85,4.535,27.09,38.97,61.59
157,28.58,12.9,17.85,4.535,27.09,38.97,61.59
158,28.58,12.9,17.85,4.535,27.09,38.97,61.59
159,28.58,12.9,17.85,4.535,27.09,38.97,61.59
160,28.58,12.9,17.85,4.535,27.09,38.97,61.59
161,28.58,12.9,17.85,4.535,27.09,38.97,61.59
162,28.58,12.9,17.85,4.535,27.09,38.97,61.59
163,28.58,12.9,17.85,4.535,27.09,38.97,61.59
164,28.58,12.9,17.85,4.535,27.09,38.97,61.59
165,28.58,12.9,17.85,4.535,27.09,38.97,61.59
166,28.58,12.9,17.85,4.535,27.09,38.97,61.59
167,28.58,12.9,17.85,4.535,27.09,38.97,61.59
168,28.58,12.9,17.85,4.535,27.09,38.97,61.59
169,28.58,12.9,17.85,4.535,27.09,38.97,61.59
170,28.58,12.9,17.85,4.535,27.09,38.97,61.59
171,28.58,12.9,17.85,4.535,27.09,38.97,61.59
172,28.58,12.9,17.85,4.535,27.09,38.97,61.59
173,28.58,12.9,17.85,4.535,27.09,38.97,61.59
174,28.58,12.9,17.85,4.535,27.09,38.97,61.59
175,28.58,12.9,17.85,4.535,27.09,38.97,61.59
176,28.58,12.9,17.85,4.535,27.09,38.97,61.59
177,28.58,12.9,17.85,4.535,27.09,38.97,61.59
178,28.58,12.9,17.85,4.535,27.09,38.97,61.59
179,28.58,12.9,17.85,4.535,27.09,38.97,61.59
180,28.58,12.9,17.85,4.535,27.09,38.97,61.59
181,28.58,12.9,17.85,4.535,27.09,38.97,61.59
182,28.58,12.9,17.85,4.535,27.09,38.97,61.59
183,28.58,12.9,17.85,4.535,27.09,38.97,61.59
184,28.58,12.9,17.85,4.535,27.09,38.97,61.59
185,28.58,12.9,17.85,4.535,27.09,38.97,61.59
186,28.58,12.9,17.85,4.535,27.09,38.97,61.59
187,28.58,12.9,17.85,4.535,27.09,38.97,61.59
188,28.58,12.9,17.85,4.535,27.09,38.97,61.59
189,28.58,12.9,17.85,4.535,27.09,38.97,61.59
190,28.58,12.9,17.85,4.535,27.09,38.97,61.59
191,28.58,12.9,17.85,4.535,27.09,38.97,61.59
192,28.58,12.9,17.85,4.535,27.09,38.97,61.59
193,28.58,12.9,17.85,4.535,27.09,38.97,61.59
194,28.58,12.9,17.85,4.535,27.09,38.97,61.59
195,28.58,12.9,17.85,4.535,27.09,38.97,61.59
196,28.58,12.9,17.85,4.535,27.09,38.97,61.59
197,28.58,12.9,17.85,4.535,27.09,38.97,61.59
198,28.58,12.9,17.85,4.535,27.09,38.97,61.59
199,28.58,12.9,17.85,4.535,27.09,38.97,61.59
200,28.58,12.9,17.85,4.535,27.09,38.97,61.59
201,28.58,12.9,17.85,4.535,27.09,38.97,61.59
202,28.58,12.9,17.85,4.535,27.09,38.97,61.59
203,28.58,12.9,17.85,4.535,27.09,38.97,61.59
204,28.58,12.9,17.85,4.535,27.09,38.97,61.59
205,28.58,12.9,17.85,4.535,27.09,38.97,61.59
206,28.58,12.9,17.85,4.535,27.09,38.97,61.59
207,28.58,12.9,17.85,4.535,27.09,38.97,61.59
208,28.58,12.9,17.85,4.535,27.09,38.97,61.59
209,28.58,12.9,17.85,4.535,27.09,38.97,61.59
210,28.58,12.9,17.85,4.535,27.09,38.97,61.59
211,28.58,12.9,17.85,4.535,27.09,38.97,61.59
212,28.58,12.9,17.85,4.535,27.09,38.97,61.59
213,28.58,12.9,17.85,4.535,27.09,38.97,61.59
214,28.58,12.9,17.85,4.535,27.09,38.97,61.59
215,28.58,12.9,17.85,4.535,27.09,38.97,61.59
216,28.58,12.9,17.85,4.535,27.09,38.97,61.59
217,28.58,12.9,17.85,4.535,27.09,38.97,61.59
218,28.58,12.9,17.85,4.535,27.09,38.97,61.59
219,28.58,12.9,17.85,4.535,27.09,38.97,61.59
220,28.58,12.9,17.85,4.535,27.09,38.97,61.59
221,28.58,12.9,17.85,4.535,27.09,38.97,61.59
222,28.58,12.9,17.85,4.535,27.09,38.97,61.59
223,28.58,12.9,17.85,4.535,27.09,38.97,61.59
224,28.58,12.9,17.85,4.535,27.09,38.97,61.59
225,28.58,12.9,17.85,4.535,27.09,38.97,61.59
226,28.58,12.9,17.85,4.535,27.09,38.97,61.59
227,28.58,12.9,17.85,4.535,27.09,38.97,61.59
228,28.58,12.9,17.85,4.535,27.09,38.97,61.59
229,28.58,12.9,17.85,4.535,27.09,38.97,61.59
230,28.58,12.9,17.85,4.535,27.09,38.97,61.59
231,28.58,12.9,17.85,4.535,27.09,38.97,61.59
232,28.58,12.9,17.85,4.535,27.09,38.97,61.59
233,28.58,12.9,17.85,4.535,27.09,38.97,61.59
234,28.58,12.9,17.85,4.535,27.09,38.97,61.59
235,28.58,12.9,17.85,4.535,27.09,38.97,61.59
236,28.58,12.9,17.85,4.535,27.09,38.97,61.59
237,28.58,12.9,17.85,4.535,27.09,38.97,61.59
238,28.58,12.9,17.85,4.535,27.09,38.97,61.59
239,28.58,12.9,17.85,4.535,27.09,38.97,61.59
240,28.58,12.9,17.85,4.535,27.09,38.97,61.59
241,28.58,12.9,17.85,4.535,27.09,38.97,61.59
242,28.58,12.9,17.85,4.535,27.09,38.97,61.59
243,28.58,12.9,17.85,4.535,27.09,38.97,61.59
244,28.58,12.9,17.85,4.535,27.09,38.97,61.59
245,28.58,12.9,17.85,4.535,27.09,38.97,61.59
246,28.58,12.9,17.85,4.535,27.09,38.97,61.59
247,28.58,12.9,17.85,4.535,27.09,38.97,61.59
248,28.58,12.9,17.85,4.535,27.09,38.97,61.59
249,28.58,12.9,17.85,4.535,27.09,38.97,61.59
250,28.58,12.9,17.85,4.535,27.09,38.97,61.59
251,28.58,12.9,17.85,4.535,27.09,38.97,61.59
252,28.58,12.9,17.85,4.535,27.09,38.97,61.59
253,28.58,12.9,17.85,4.535,27.09,38.97,61.59
254,28.58,12.9,17.85,4.535,27.09,38.97,61.59
255,28.58,12.9,17.85,4.535,27.09,38.97,61.59
256,28.58,12.9,17.85,4.535,27.09,38.97,61.59
257,28.58,12.9,17.85,4.535,27.09,38.97,61.59
258,28.58,12.9,17.85,4.535,27.09,38.97,61.59
259,28.58,12.9,17.85,4.535,27.09,38.97,61.59
260,28.58,12.9,17.85,4.535,27.09,38.97,61.59
261,28.58,12.9,17.85,4.535,27.09,38.97,61.59
262,28.58,12.9,17.85,4.535,27.09,38.97,61.59
263,28.58,12.9,17.85,4.535,27.09,38.97,61.59
264,28.58,12.9,17.85,4.535,27.09,38.97,61.59
265,28.58,12.9,17.85,4.535,27.09,38.97,61.59
266,28.58,12.9,17.85,4.535,27.09,38.97,61.59
267,28.58,12.9,17.85,4.535,27.09,38.97,61.59
268,28.58,12.9,17.85,4.535,27.09,38.97,61.59
269,28.58,12.9,17.85,4.535,27.09,38.97,61.59
270,28.58,12.9,17.85,4.535,27.09,38.97,61.59
271,28.58,12.9,17.85,4.535,27.09,38.97,61.59
272,28.58,12.9,17.85,4.535,27.09,38.97,61.59
273,28.58,12.9,17.85,4.535,27.09,38.97,61.59
274,28.58,12.9,17.85,4.535,27.09,38.97,61.59
275,28.58,12.9,17.85,4.535,27.09,38.97,61.59
276,28.58,12.9,17.85,4.535,27.09,38.97,61.59
277,28.58,12.9,17.85,4.535,27.09,38.97,61.59
278,28.58,12.9,17.85,4.535,27.09,38.97,61.59
279,28.58,12.9,17.85,4.535,27.09,38.97,61.59
280,28.58,12.9,17.85,4.535,27.09,38.97,61.59
281,28.58,12.9,17.85,4.535,27.09,38.97,61.59
282,28.58,12.9,17.85,4.535,27.09,38.97,61.59
283,28.58,12.9,17.85,4.535,27.09,38.97,61.59
284,28.58,12.9,17.85,4.535,27.09,38.97,61.59
285,28.58,12.9,17.85,4.535,27.09,38.97,61.59
286,28.58,12.9,17.85,4.535,27.09,38.97,61.59
287,28.58,12.9,17.85,4.535,27.09,38.97,61.59
288,28.58,12.9,17.85,4.535,27.09,38.97,61.59
289,28.58,12.9,17.85,4.535,27.09,38.97,61.59
290,28.58,12.9,17.85,4.535,27.09,38.97,61.59
291,28.58,12.9,17.85,4.535,27.09,38.97,61.59
292,28.58,12.9,17.85,4.535,27.09,38.97,61.59
293,28.58,12.9,17.85,4.535,27.09,38.97,61.59
294,28.58,12.9,17.85,4.535,27.09,38.97,61.59
295,28.58,12.9,17.85,4.535,27.09,38.97,61.59
296,28.58,12.9,17.85,4.535,27.09,38.97,61.59
297,28.58,12.9,17.85,4.535,27.09,38.97,61.59
298,28.58,12.9,17.85,4.535,27.09,38.97,61.59
299,28.58,12.9,17.85,4.535,27.09,38.97,61.59
300,28.58,12.9,17.85,4.535,27.09,38.97,61.59
301,28.58,12.9,17.85,4.535,27.09,38.97,61.59
302,28.58,12.9,17.85,4.535,27.09,38.97,61.59
303,28.58,12.9,17.85,4.535,27.09,38.97,61.59
304,28.58,12.9,17.85,4.535,27.09,38.97,61.59
305,28.58,12.9,17.85,4.535,27.09,38.97,61.59
306,28.58,12.9,17.85,4.535,27.09,38.97,61.59
307,28.58,12.9,17.85,4.535,27.09,38.97,61.59
308,28.58,12.9,17.85,4.535,27.09,38.97,61.59
309,28.58,12.9,17.85,4.535,27.09,38.97,61.59
310,28.58,12.9,17.85,4.535,27.09,38.97,61.59
311,28.58,12.9,17.85,4.535,27.09,38.97,61.59
312,28.58,12.9,17.85,4.535,27.09,38.97,61.59
313,28.58,12.9,17.85,4.535,27.09,38.97,61.59
314,28.58,12.9,17.85,4.535,27.09,38.97,61.59
315,28.58,12.9,17.85,4.535,27.09,38.97,61.59
316,28.58,12.9,17.85,4.535,27.09,38.97,61.59
317,28.58,12.9,17.85,4.535,27.09,38.97,61.59
318,28.58,12.9,17.85,4.535,27.09,38.97,61.59
319,28.58,12.9,17.85,4.535,27.09,38.97,61.59
320,28.58,12.9,17.85,4.535,27.09,38.97,61.59
321,28.58,12.9,17.85,4.535,27.09,38.97,61.59
322,28.58,12.9,17.85,4.535,27.09,38.97,61.59
323,28.58,12.9,17.85,4.535,27.09,38.97,61.59
324,28.58,12.9,17.85,4.535,27.09,38.97,61.59
325,28.58,12.9,17.85,4.535,27.09,38.97,61.59
326,28.58,12.9,17.85,4.535,27.09,38.97,61.59
327,28.58,12.9,17.85,4.535,27.09,38.97,61.59
328,28.58,12.9,17.85,4.535,27.09,38.97,61.59
329,28.58,12.9,17.85,4.535,27.09,38.97,61.59
330,28.58,12.9,17.85,4.535,27.09,38.97,61.59
331,28.58,12.9,17.85,4.535,27.09,38.97,61.59
332,28.58,12.9,17.85,4.535,27.09,38.97,61.59
333,28.58,12.9,17.85,4.535,27.09,38.97,61.59
334,28.58,12.9,17.85,4.535,27.09,38.97,61.59
335,28.58,12.9,17.85,4.535,27.09,38.97,61.59
336,28.58,12.9,17.85,4.535,27.09,38.97,61.59
337,28.58,12.9,17.85,4.535,27.09,38.97,61.59
338,28.58,12.9,17.85,4.535,27.09,38.97,61.59
339,28.58,12.9,17.85,4.535,27.09,38.97,61.59
340,28.58,12.9,17.85,4.535,27.09,38.97,61.59
341,28.58,12.9,17.85,4.535,27.09,38.97,61.59
342,28.58,12.9,17.85,4.535,27.09,38.97,61.59
343,28.58,12.9,17.85,4.535,27.09,38.97,61.59
344,28.58,12.9,17.85,4.535,27.09,38.97,61.59
345,28.58,12.9,17.85,4.535,27.09,38.97,61.59
346,28.58,12.9,17.85,4.535,27.09,38.97,61.59
347,28.58,12.9,17.85,4.535,27.09,38.97,61.59
348,28.58,12.9,17.85,4.535,27.09,38.97,61.59
349,28.58,12.9,17.85,4.535,27.09,38.97,61.59
350,28.58,12.9,17.85,4.535,27.09,38.97,61.59
351,28.58,12.9,17.85,4.535,27.09,38.97,61.59
352,28.58,12.9,17.85,4.535,27.09,38.97,61.59
353,28.58,12.9,17.85,4.535,27.09,38.97,61.59
354,28.58,12.9,17.85,4.535,27.09,38.97,61.59
355,28.58,12.9,17.85,4.535,27.09,38.97,61.59
356,28.58,12.9,17.85,4.535,27.09,38.97,61.59
357,28.58,12.9,17.85,4.535,27.09,38.97,61.59
358,28.58,12.9,17.85,4.535,27.09,38.97,61.59
359,28.58,12.9,17.85,4.535,27.09,38.97,61.59
360,28.58,12.9,17.85,4.535,27.09,38.97,61.59
361,28.58,12.9,17.85,4.535,27.09,38.97,61.59
362,28.58,12.9,17.85,4.535,27.09,38.97,61.59
363,28.58,12.9,17.85,4.535,27.09,38.97,61.59
364,28.58,12.9,17.85,4.535,27.09,38.97,61.59
365,28.58,12.9,17.85,4.535,27.09,38.97,61.59
366,28.58,12.9,17.85,4.535,27.09,38.97,61.59
367,28.58,12.9,17.85,4.535,27.09,38.97,61.59
368,28.58,12.9,17.85,4.535,27.09,38.97,61.59
369,28.58,12.9,17.85,4.535,27.09,38.97,61.59
370,28.58,12.9,17.85,4.535,27.09,38.97,61.59
371,28.58,12.9,17.85,4.535,27.09,38.97,61.59
372,28.58,12.9,17.85,4.535,27.09,38.97,61.59
373,28.58,12.9,17.85,4.535,27.09,38.97,61.59
374,28.58,12.9,17.85,4.535,27.09,38.97,61.59
375,28.58,12.9,17.85,4.535,27.09,38.97,61.59
376,28.58,12.9,17.85,4.535,27.09,38.97,61.59
377,28.58,12.9,17.85,4.535,27.09,38.97,61.59
378,28.58,12.9,17.85,4.535,27.09,38.97,61.59
379,28.58,12.9,17.85,4.535,27.09,38.97,61.59
380,28.58,12.9,17.85,4.535,27.09,38.97,61.59
381,28.58,12.9,17.85,4.535,27.09,38.97,61.59
382,28.58,12.9,17.85,4.535,27.09,38.97,61.59
383,28.58,12.9,17.85,4.535,27.09,38.97,61.59
384,28.58,12.9,17.85,4.535,27.09,38.97,61.59
385,28.58,12.9,17.85,4.535,27.09,38.97,61.59
386,28.58,12.9,17.85,4.535,27.09,38.97,61.59
387,28.58,12.9,17.85,4.535,27.09,38.97,61.59
388,28.58,12.9,17.85,4.535,27.09,38.97,61.59
389,28.58,12.9,17.85,4.535,27.09,38.97,61.59
390,28.58,12.9,17.85,4.535,27.09,38.97,61.59
391,28.58,12.9,17.85,4.535,27.09,38.97,61.59
392,28.58,12.9,17.85,4.535,27.09,38.97,61.59
393,28.58,12.9,17.85,4.535,27.09,38.97,61.59
394,28.58,12.9,17.85,4.535,27.09,38.97,61.59
395,28.58,12.9,17.85,4.535,27.09,38.97,61.59
396,28.58,12.9,17.85,4.535,27.09,38.97,61.59
397,28.58,12.9,17.85,4.535,27.09,38.97,61.59
398,28.58,12.9,17.85,4.535,27.09,38.97,61.59
399,28.58,12.9,17.85,4.535,27.09,38.97,61.59
400,28.58,12.9,17.85,4.535,27.09,38.97,61.59
401,28.58,12.9,17.85,4.535,27.09,38.97,61.59
402,28.58,12.9,17.85,4.535,27.09,38.97,61.59
403,28.58,12.9,17.85,4.535,27.09,38.97,61.59
404,28.58,12.9,17.85,4.535,27.09,38.97,61.59
405,28.58,12.9,17.85,4.535,27.09,38.97,61.59
406,28.58,12.9,17.85,4.535,27.09,38.97,61.59
407,28.58,12.9,17.85,4.535,27.09,38.97,61.59
408,28.58,12.9,17.85,4.535,27.09,38.97,61.59
409,28.58,12.9,17.85,4.535,27.09,38.97,61.59
410,28.58,12.9,17.85,4.535,27.09,38.97,61.59
411,28.58,12.9,17.85,4.535,27.09,38.97,61.59
412,28.58,12.9,17.85,4.535,27.09,38.97,61.59
413,28.58,12.9,17.85,4.535,27.09,38.97,61.59
414,28.58,12.9,17.85,4.535,27.09,38.97,61.59
415,28.58,12.9,17.85,4.535,27.09,38.97,61.59
416,28.58,12.9,17.85,4.535,27.09,38.97,61.59
417,28.58,12.9,17.85,4.535,27.09,38.97,61.59
418,28.58,12.9,17.85,4.535,27.09,38.97,61.59
419,28.58,12.9,17.85,4.535,27.09,38.97,61.59
420,28.58,12.9,17.85,4.535,27.09,38.97,61.59
421,28.58,12.9,17.85,4.535,27.09,38.97,61.59
422,28.58,12.9,17.85,4.535,27.09,38.97,61.59
423,28.58,12.9,17.85,4.535,27.09,38.97,61.59
424,28.58,12.9,17.85,4.535,27.09,38.97,61.59
425,28.58,12.9,17.85,4.535,27.09,38.97,61.59
426,28.58,12.9,17.85,4.535,27.09,38.97,61.59
427,28.58,12.9,17.85,4.535,27.09,38.97,61.59
428,28.58,12.9,17.85,4.535,27.09,38.97,61.59
429,28.58,12.9,17.85,4.535,27.09,38.97,61.59
430,28.58,12.9,17.85,4.535,27.09,38.97,61.59
431,28.58,12.9,17.85,4.535,27.09,38.97,61.59
432,28.58,12.9,17.85,4.535,27.09,38.97,61.59
433,28.58,12.9,17.85,4.535,27.09,38.97,61.59
434,28.58,12.9,17.85,4.535,27.09,38.97,61.59
435,28.58,12.9,17.85,4.535,27.09,38.97,61.59
436,28.58,12.9,17.85,4.535,27.09,38.97,61.59
437,28.58,12.9,17.85,4.535,27.09,38.97,61.59
438,28.58,12.9,17.85,4.535,27.09,38.97,61.59
439,28.58,12.9,17.85,4.535,27.09,38.97,61.59
440,28.58,12.9,17.85,4.535,27.09,38.97,61.59
441,28.58,12.9,17.85,4.535,27.09,38.97,61.59
442,28.58,12.9,17.85,4.535,27.09,38.97,61.59
443,28.58,12.9,17.85,4.535,27.09,38.97,61.59
444,28.58,12.9,17.85,4.535,27.09,38.97,61.59
445,28.58,12.9,17.85,4.535,27.09,38.97,61.59
446,28.58,12.9,17.85,4.535,27.09,38.97,61.59
447,28.58,12.9,17.85,4.535,27.09,38.97,61.59
448,28.58,12.9,17.85,4.535,27.09,38.97,61.59
449,28.58,12.9,17.85,4.535,27.09,38.97,61.59
450,28.58,12.9,17.85,4.535,27.09,38.97,61.59
451,28.58,12.9,17.85,4.535,27.09,38.97,61.59
452,28.58,12.9,17.85,4.535,27.09,38.97,61.59
453,28.58,12.9,17.85,4.535,27.09,38.97,61.59
454,28.58,12.9,17.85,4.535,27.09,38.97,61.59
455,28.58,12.9,17.85,4.535,27.09,38.97,61.59
456,28.58,12.9,17.85,4.535,27.09,38.97,61.59
457,28.58,12.9,17.85,4.535,27.09,38.97,61.59
458,28.58,12.9,17.85,4.535,27.09,38.97,61.59
459,28.58,12.9,17.85,4.535,27.09,38.97,61.59
460,28.58,12.9,17.85,4.535,27.09,38.97,61.59
461,28.58,12.9,17.85,4.535,27.09,38.97,61.59
462,28.58,12.9,17.85,4.535,27.09,38.97,61.59
463,28.58,12.9,17.85,4.535,27.09,38.97,61.59
464,28.58,12.9,17.85,4.535,27.09,38.97,61.59
465,28.58,12.9,17.85,4.535,27.09,38.97,61.59
466,28.58,12.9,17.85,4.535,27.09,38.97,61.59
467,28.58,12.9,17.85,4.535,27.09,38.97,61.59
468,28.58,12.9,17.85,4.535,27.09,38.97,61.59
469,28.58,12.9,17.85,4.535,27.09,38.97,61.59
470,28.58,12.9,17.85,4.535,27.09,38.97,61.59
471,28.58,12.9,17.85,4.535,27.09,38.97,61.59
472,28.58,12.9,17.85,4.535,27.09,38.97,61.59
473,28.58,12.9,17.85,4.535,27.09,38.97,61.59
474,28.58,12.9,17.85,4.535,27.09,38.97,61.59
475,28.58,12.9,17.85,4.535,27.09,38.97,61.59
476,28.58,12.9,17.85,4.535,27.09,38.97,61.59
477,28.58,12.9,17.85,4.535,27.09,38.97,61.59
478,28.58,12.9,17.85,4.535,27.09,38.97,61.59
479,28.58,12.9,17.85,4.535,27.09,38.97,61.59
480,28.58,12.9,17.85,4.535,27.09,38.97,61.59
481,28.58,12.9,17.85,4.535,27.09,38.97,61.59
482,28.58,12.9,17.85,4.535,27.09,38.97,61.59
483,28.58,12.9,17.85,4.535,27.09,38.97,61.59
484,28.58,12.9,17.85,4.535,27.09,38.97,61.59
485,28.58,12.9,17.85,4.535,27.09,38.97,61.59
486,28.58,12.9,17.85,4.535,27.09,38.97,61.59
487,28.58,12.9,17.85,4.535,27.09,38.97,61.59
488,28.58,12.9,17.85,4.535,27.09,38.97,61.59
489,28.58,12.9,17.85,4.535,27.09,38.97,61.59
490,28.58,12.9,17.85,4.535,27.09,38.97,61.59
491,28.58,12.9,17.85,4.535,27.09,38.97,61.59
492,28.58,12.9,17.85,4.535,27.09,38.97,61.59
493,28.58,12.9,17.85,4.535,27.09,38.97,61.59
494,28.58,12.9,17.85,4.535,27.09,38.97,61.59
495,28.58,12.9,17.85,4.535,27.09,38.97,61.59
496,28.58,12.9,17.85,4.535,27.09,38.97,61.59
497,28.58,12.9,17.85,4.535,27.09,38.97,61.59
498,28.58,12.9,17.85,4.535,27.09,38.97,61.59
499,28.58,12.9,17.85,4.535,27.09,38.97,61.59
500,28.58,12.9,17.85,4.535,27.09,38.97,61.59
501,28.58,12.9,17.85,4.535,27.09,38.97,61.59
502,28.58,12.9,17.85,4.535,27.09,38.97,61.59
503,28.58,12.9,17.85,4.535,27.09,38.97,61.59
504,28.58,12.9,17.85,4.535,27.09,38.97,61.59
505,28.58,12.9,17.85,4.535,27.09,38.97,61.59
506,28.58,12.9,17.85,4.535,27.09,38.97,61.59
507,28.58,12.9,17.85,4.535,27.09,38.97,61.59
508,28.58,12.9,17.85,4.535,27.09,38.97,61.59
509,28.58,12.9,17.85,4.535,27.09,38.97,61.59
510,28.58,12.9,17.85,4.535,27.09,38.97,61.59
511,28.58,12.9,17.85,4.535,27.09,38.97,61.59
512,28.58,12.9,17.85,4.535,27.09,38.97,61.59
513,28.58,12.9,17.85,4.535,27.09,38.97,61.59
514,28.58,12.9,17.85,4.535,27.09,38.97,61.59
515,28.58,12.9,17.85,4.535,27.09,38.97,61.59
516,28.58,12.9,17.85,4.535,27.09,38.97,61.59
517,28.58,12.9,17.85,4.535,27.09,38.97,61.59
518,28.58,12.9,17.85,4.535,27.09,38.97,61.59
519,28.58,12.9,17.85,4.535,27.09,38.97,61.59
520,28.58,12.9,17.85,4.535,27.09,38.97,61.59
521,28.58,12.9,17.85,4.535,27.09,38.97,61.59
522,28.58,12.9,17.85,4.535,27.09,38.97,61.59
523,28.58,12.9,17.85,4.535,27.09,38.97,61.59
524,28.58,12.9,17.85,4.535,27.09,38.97,61.59
525,28.58,12.9,17.85,4.535,27.09,38.97,61.59
526,28.58,12.9,17.85,4.535,27.09,38.97,61.59
527,28.58,12.9,17.85,4.535,27.09,38.97,61.59
528,28.58,12.9,17.85,4.535,27.09,38.97,61.59
529,28.58,12.9,17.85,4.535,27.09,38.97,61.59
530,28.58,12.9,17.85,4.535,27.09,38.97,61.59
531,28.58,12.9,17.85,4.535,27.09,38.97,61.59
532,28.58,12.9,17.85,4.535,27.09,38.97,61.59
533,28.58,12.9,17.85,4.535,27.09,38.97,61.59
534,28.58,12.9,17.85,4.535,27.09,38.97,61.59
535,28.58,12.9,17.85,4.535,27.09,38.97,61.59
536,28.58,12.9,17.85,4.535,27.09,38.97,61.59
537,28.58,12.9,17.85,4.535,27.09,38.97,61.59
538,28.58,12.9,17.85,4.535,27.09,38.97,61.59
539,28.58,12.9,17.85,4.535,27.09,38.97,61.59
540,28.58,12.9,17.85,4.535,27.09,38.97,61.59
541,28.58,12.9,17.85,4.535,27.09,38.97,61.59
542,28.58,12.9,17.85,4.535,27.09,38.97,61.59
543,28.58,12.9,17.85,4.535,27.09,38.97,61.59
544,28.58,12.9,17.85,4.535,27.09,38.97,61.59
545,28.58,12.9,17.85,4.535,27.09,38.97,61.59
546,28.58,12.9,17.85,4.535,27.09,38.97,61.59
547,28.58,12.9,17.85,4.535,27.09,38.97,61.59
548,28.58,12.9,17.85,4.535,27.09,38.97,61.59
549,28.58,12.9,17.85,4.535,27.09,38.97,61.59
550,28.58,12.9,17.85,4.535,27.09,38.97,61.59
551,28.58,12.9,17.85,4.535,27.09,38.97,61.59
552,28.58,12.9,17.85,4.535,27.09,38.97,61.59
553,28.58,12.9,17.85,4.535,27.09,38.97,61.59
554,28.58,12.9,17.85,4.535,27.09,38.97,61.59
555,28.58,12.9,17.85,4.535,27.09,38.97,61.59
556,28.58,12.9,17.85,4.535,27.09,38.97,61.59
557,28.58,12.9,17.85,4.535,27.09,38.97,61.59
558,28.58,12.9,17.85,4.535,27.09,38.97,61.59
559,28.58,12.9,17.85,4.535,27.09,38.97,61.59
560,28.58,12.9,17.85,4.535,27.09,38.97,61.59
561,28.58,12.9,17.85,4.535,27.09,38.97,61.59
562,28.58,12.9,17.85,4.535,27.09,38.97,61.59
563,28.58,12.9,17.85,4.535,27.09,38.97,61.59
564,28.58,12.9,17.85,4.535,27.09,38.97,61.59
565,28.58,12.9,17.85,4.535,27.09,38.97,61.59
566,28.58,12.9,17.85,4.535,27.09,38.97,61.59
567,28.58,12.9,17.85,4.535,27.09,38.97,61.59
568,28.58,12.9,17.85,4.535,27.09,38.97,61.59
569,28.58,12.9,17.85,4.535,27.09,38.97,61.59
570,28.58,12.9,17.85,4.535,27.09,38.97,61.59
571,28.58,12.9,17.85,4.535,27.09,38.97,61.59
572,28.58,12.9,17.85,4.535,27.09,38.97,61.59
573,28.58,12.9,17.85,4.535,27.09,38.97,61.59
574,28.58,12.9,17.85,4.535,27.09,38.97,61.59
575,28.58,12.9,17.85,4.535,27.09,38.97,61.59
576,28.58,12.9,17.85,4.535,27.09,38.97,61.59
577,28.58,12.9,17.85,4.535,27.09,38.97,61.59
578,28.58,12.9,17.85,4.535,27.09,38.97,61.59
579,28.58,12.9,17.85,4.535,27.09,38.97,61.59
580,28.58,12.9,17.85,4.535,27.09,38.97,61.59
581,28.58,12.9,17.85,4.535,27.09,38.97,61.59
582,28.58,12.9,17.85,4.535,27.09,38.97,61.59
583,28.58,12.9,17.85,4.535,27.09,38.97,61.59
584,28.58,12.9,17.85,4.535,27.09,38.97,61.59
585,28.58,12.9,17.85,4.535,27.09,38.97,61.59
586,28.58,12.9,17.85,4.535,27.09,38.97,61.59
587,28.58,12.9,17.85,4.535,27.09,38.97,61.59
588,28.58,12.9,17.85,4.535,27.09,38.97,61.59
589,28.58,12.9,17.85,4.535,27.09,38.97,61.59
590,28.58,12.9,17.85,4.535,27.09,38.97,61.59
591,28.58,12.9,17.85,4.535,27.09,38.97,61.59
592,28.58,12.9,17.85,4.535,27.09,38.97,61.59
593,28.58,12.9,17.85,4.535,27.09,38.97,61.59
594,28.58,12.9,17.85,4.535,27.09,38.97,61.59
595,28.58,12.9,17.85,4.535,27.09,38.97,61.59
596,28.58,12.9,17.85,4.535,27.09,38.97,61.59
597,28.58,12.9,17.85,4.535,27.09,38.97,61.59
598,28.58,12.9,17.85,4.535,27.09,38.97,61.59
599,28.58,12.9,17.85,4.535,27.09,38.97,61.59
600,28.58,12.9,17.85,4.535,27.09,38.97,61.59
601,28.58,12.9,17.85,4.535,27.09,38.97,61.59
602,28.58,12.9,17.85,4.535,27.09,38.97,61.59
603,28.58,12.9,17.85,4.535,27.09,38.97,61.59
604,28.58,12.9,17.85,4.535,27.09,38.97,61.59
605,28.58,12.9,17.85,4.535,27.09,38.97,61.59
606,28.58,12.9,17.85,4.535,27.09,38.97,61.59
607,28.58,12.9,17.85,4.535,27.09,38.97,61.59
608,28.58,12.9,17.85,4.535,27.09,38.97,61.59
609,28.58,12.9,17.85,4.535,27.09,38.97,61.59
610,28.58,12.9,17.85,4.535,27.09,38.97,61.59
611,28.58,12.9,17.85,4.535,27.09,38.97,61.59
612,28.58,12.9,17.85,4.535,27.09,38.97,61.59
613,28.58,12.9,17.85,4.535,27.09,38.97,61.59
614,28.58,12.9,17.85,4.535,27.09,38.97,61.59
615,28.58,12.9,17.85,4.535,27.09,38.97,61.59
616,28.58,12.9,17.85,4.535,27.09,38.97,61.59
617,28.58,12.9,17.85,4.535,27.09,38.97,61.59
618,28.58,12.9,17.85,4.535,27.09,38.97,61.59
619,28.58,12.9,17.85,4.535,27.09,38.97,61.59
620,28.58,12.9,17.85,4.535,27.09,38.97,61.59
621,28.58,12.9,17.85,4.535,27.09,38.97,61.59
622,28.58,12.9,17.85,4.535,27.09,38.97,61.59
623,28.58,12.9,17.85,4.535,27.09,38.97,61.59
624,28.58,12.9,17.85,4.535,27.09,38.97,61.59
625,28.58,12.9,17.85,4.535,27.09,38.97,61.59
626,28.58,12.9,17.85,4.535,27.09,38.97,61.59
627,28.58,12.9,17.85,4.535,27.09,38.97,61.59
628,28.58,12.9,17.85,4.535,27.09,38.97,61.59
629,28.58,12.9,17.85,4.535,27.09,38.97,61.59
630,28.58,12.9,17.85,4.535,27.09,38.97,61.59
631,28.58,12.9,17.85,4.535,27.09,38.97,61.59
632,28.58,12.9,17.85,4.535,27.09,38.97,61.59
633,28.58,12.9,17.85,4.535,27.09,38.97,61.59
634,28.58,12.9,17.85,4.535,27.09,38.97,61.59
635,28.58,12.9,17.85,4.535,27.09,38.97,61.59
636,28.58,12.9,17.85,4.535,27.09,38.97,61.59
637,28.58,12.9,17.85,4.535,27.09,38.97,61.59
638,28.58,12.9,17.85,4.535,27.09,38.97,61.59
639,28.58,12.9,17.85,4.535,27.09,38.97,61.59
640,28.58,12.9,17.85,4.535,27.09,38.97,61.59
641,28.58,12.9,17.85,4.535,27.09,38.97,61.59
642,28.58,12.9,17.85,4.535,27.09,38.97,61.59
643,28.58,12.9,17.85,4.535,27.09,38.97,61.59
644,28.58,12.9,17.85,4.535,27.09,38.97,61.59
645,28.58,12.9,17.85,4.535,27.09,38.97,61.59
646,28.58,12.9,17.85,4.535,27.09,38.97,61.59
647,28.58,12.9,17.85,4.535,27.09,38.97,61.59
648,28.58,12.9,17.85,4.535,27.09,38.97,61.59
649,28.58,12.9,17.85,4.535,27.09,38.97,61.59
650,28.58,12.9,17.85,4.535,27.09,38.97,61.59
651,28.58,12.9,17.85,4.535,27.09,38.97,61.59
652,28.58,12.9,17.85,4.535,27.09,38.97,61.59
653,28.58,12.9,17.85,4.535,27.09,38.97,61.59
654,28.58,12.9,17.85,4.535,27.09,38.97,61.59
655,28.58,12.9,17.85,4.535,27.09,38.97,61.59
656,28.58,12.9,17.85,4.535,27.09,38.97,61.59
657,28.58,12.9,17.85,4.535,27.09,38.97,61.59
658,28.58,12.9,17.85,4.535,27.09,38.97,61.59
659,28.58,12.9,17.85,4.535,27.09,38.97,61.59
660,28.58,12.9,17.85,4.535,27.09,38.97,61.59
661,28.58,12.9,17.85,4.535,27.09,38.97,61.59
662,28.58,12.9,17.85,4.535,27.09,38.97,61.59
663,28.58,12.9,17.85,4.535,27.09,38.97,61.59
664,28.58,12.9,17.85,4.535,27.09,38.97,61.59
665,28.58,12.9,17.85,4.535,27.09,38.97,61.59
666,28.58,12.9,17.85,4.535,27.09,38.97,61.59
667,28.58,12.9,17.85,4.535,27.09,38.97,61.59
668,28.58,12.9,17.85,4.535,27.09,38.97,61.59
669,28.58,12.9,17.85,4.535,27.09,38.97,61.59
670,28.58,12.9,17.85,4.535,27.09,38.97,61.59
671,28.58,12.9,17.85,4.535,27.09,38.97,61.59
672,28.58,12.9,17.85,4.535,27.09,38.97,61.59
673,28.58,12.9,17.85,4.535,27.09,38.97,61.59
674,28.58,12.9,17.85,4.535,27.09,38.97,61.59
675,28.58,12.9,17.85,4.535,27.09,38.97,61.59
676,28.58,12.9,17.85,4.535,27.09,38.97,61.59
677,28.58,12.9,17.85,4.535,27.09,38.97,61.59
678,28.58,12.9,17.85,4.535,27.09,38.97,61.59
679,28.58,12.9,17.85,4.535,27.09,38.97,61.59
680,28.58,12.9,17.85,4.535,27.09,38.97,61.59
681,28.58,12.9,17.85,4.535,27.09,38.97,61.59
682,28.58,12.9,17.85,4.535,27.09,38.97,61.59
683,28.58,12.9,17.85,4.535,27.09,38.97,61.59
684,28.58,12.9,17.85,4.535,27.09,38.97,61.59
685,28.58,12.9,17.85,4.535,27.09,38.97,61.59
686,28.58,12.9,17.85,4.535,27.09,38.97,61.59
687,28.58,12.9,17.85,4.535,27.09,38.97,61.59
688,28.58,12.9,17.85,4.535,27.09,38.97,61.59
689,28.58,12.9,17.85,4.535,27.09,38.97,61.59
690,28.58,12.9,17.85,4.535,27.09,38.97,61.59
691,28.58,12.9,17.85,4.535,27.09,38.97,61.59
692,28.58,12.9,17.85,4.535,27.09,38.97,61.59
693,28.58,12.9,17.85,4.535,27.09,38.97,61.59
694,28.58,12.9,17.85,4.535,27.09,38.97,61.59
695,28.58,12.9,17.85,4.535,27.09,38.97,61.59
696,28.58,12.9,17.85,4.535,27.09,38.97,61.59
697,28.58,12.9,17.85,4.535,27.09,38.97,61.59
698,28.58,12.9,17.85,4.535,27.09,38.97,61.59
699,28.58,12.9,17.85,4.535,27.09,38.97,61.59
700,28.58,12.9,17.85,4.535,27.09,38.97,61.59
701,28.58,12.9,17.85,4.535,27.09,38.97,61.59
702,28.58,12.9,17.85,4.535,27.09,38.97,61.59
703,28.58,12.9,17.85,4.535,27.09,38.97,61.59
704,28.58,12.9,17.85,4.535,27.09,38.97,61.59
705,28.58,12.9,17.85,4.535,27.09,38.97,61.59
706,28.58,12.9,17.85,4.535,27.09,38.97,61.59
707,28.58,12.9,17.85,4.535,27.09,38.97,61.59
708,28.58,12.9,17.85,4.535,27.09,38.97,61.59
709,28.58,12.9,17.85,4.535,27.09,38.97,61.59
710,28.58,12.9,17.85,4.535,27.09,38.97,61.59
711,28.58,12.9,17.85,4.535,27.09,38.97,61.59
712,28.58,12.9,17.85,4.535,27.09,38.97,61.59
713,28.58,12.9,17.85,4.535,27.09,38.97,61.59
714,28.58,12.9,17.85,4.535,27.09,38.97,61.59
715,28.58,12.9,17.85,4.535,27.09,38.97,61.59
716,28.58,12.9,17.85,4.535,27.09,38.97,61.59
717,28.58,12.9,17.85,4.535,27.09,38.97,61.59
718,28.58,12.9,17.85,4.535,27.09,38.97,61.59
719,28.58,12.9,17.85,4.535,27.09,38.97,61.59
720,28.58,12.9,17.85,4.535,27.09,38.97,61.59
721,28.58,12.9,17.85,4.535,27.09,38.97,61.59
722,28.58,12.9,17.85,4.535,27.09,38.97,61.59
723,28.58,12.9,17.85,4.535,27.09,38.97,61.59
724,28.58,12.9,17.85,4.535,27.09,38.97,61.59
725,28.58,12.9,17.85,4.535,27.09,38.97,61.59
726,28.58,12.9,17.85,4.535,27.09,38.97,61.59
727,28.58,12.9,17.85,4.535,27.09,38.97,61.59
728,28.58,12.9,17.85,4.535,27.09,38.97,61.59
729,28.58,12.9,17.85,4.535,27.09,38.97,61.59
730,28.58,12.9,17.85,4.535,27.09,38.97,61.59
731,28.58,12.9,17.85,4.535,27.09,38.97,61.59
732,28.58,12.9,17.85,4.535,27.09,38.97,61.59
733,28.58,12.9,17.85,4.535,27.09,38.97,61.59
734,28.58,12.9,17.85,4.535,27.09,38.97,61.59
735,28.58,12.9,17.85,4.535,27.09,38.97,61.59
736,28.58,12.9,17.85,4.535,27.09,38.97,61.59
737,28.58,12.9,17.85,4.535,27.09,38.97,61.59
738,28.58,12.9,17.85,4.535,27.09,38.97,61.59
739,28.58,12.9,17.85,4.535,27.09,38.97,61.59
740,28.58,12.9,17.85,4.535,27.09,38.97,61.59
741,28.58,12.9,17.85,4.535,27.09,38.97,61.59
742,28.58,12.9,17.85,4.535,27.09,38.97,61.59
743,28.58,12.9,17.85,4.535,27.09,38.97,61.59
744,28.58,12.9,17.85,4.535,27.09,38.97,61.59
745,28.58,12.9,17.85,4.535,27.09,38.97,61.59
746,28.58,12.9,17.85,4.535,27.09,38.97,61.59
747,28.58,12.9,17.85,4.535,27.09,38.97,61.59
748,28.58,12.9,17.85,4.535,27.09,38.97,61.59
749,28.58,12.9,17.85,4.535,27.09,38.97,61.59
750,28.58,12.9,17.85,4.535,27.09,38.97,61.59
751,28.58,12.9,17.85,4.535,27.09,38.97,61.59
752,28.58,12.9,17.85,4.535,27.09,38.97,61.59
753,28.58,12.9,17.85,4.535,27.09,38.97,61.59
754,28.58,12.9,17.85,4.535,27.09,38.97,61.59
755,28.58,12.9,17.85,4.535,27.09,38.97,61.59
756,28.58,12.9,17.85,4.535,27.09,38.97,61.59
757,28.58,12.9,17.85,4.535,27.09,38.97,61.59
758,28.58,12.9,17.85,4.535,27.09,38.97,61.59
759,28.58,12.9,17.85,4.535,27.09,38.97,61.59
760,28.58,12.9,17.85,4.535,27.09,38.97,61.59
761,28.58,12.9,17.85,4.535,27.09,38.97,61.59
762,28.58,12.9,17.85,4.535,27.09,38.97,61.59
763,28.58,12.9,17.85,4.535,27.09,38.97,61.59
764,28.58,12.9,17.85,4.535,27.09,38.97,61.59
765,28.58,12.9,17.85,4.535,27.09,38.97,61.59
766,28.58,12.9,17.85,4.535,27.09,38.97,61.59
767,28.58,12.9,17.85,4.535,27.09,38.97,61.59
768,28.58,12.9,17.85,4.535,27.09,38.97,61.59
769,28.58,12.9,17.85,4.535,27.09,38.97,61.59
770,28.58,12.9,17.85,4.535,27.09,38.97,61.59
771,28.58,12.9,17.85,4.535,27.09,38.97,61.59
772,28.58,12.9,17.85,4.535,27.09,38.97,61.59
773,28.58,12.9,17.85,4.535,27.09,38.97,61.59
774,28.58,12.9,17.85,4.535,27.09,38.97,61.59
775,28.58,12.9,17.85,4.535,27.09,38.97,61.59
776,28.58,12.9,17.85,4.535,27.09,38.97,61.59
777,28.58,12.9,17.85,4.535,27.09,38.97,61.59
778,28.58,12.9,17.85,4.535,27.09,38.97,61.59
779,28.58,12.9,17.85,4.535,27.09,38.97,61.59
780,28.58,12.9,17.85,4.535,27.09,38.97,61.59
781,28.58,12.9,17.85,4.535,27.09,38.97,61.59
782,28.58,12.9,17.85,4.535,27.09,38.97,61.59
783,28.58,12.9,17.85,4.535,27.09,38.97,61.59
784,28.58,12.9,17.85,4.535,27.09,38.97,61.59
785,28.58,12.9,17.85,4.535,27.09,38.97,61.59
786,28.58,12.9,17.85,4.535,27.09,38.97,61.59
787,28.58,12.9,17.85,4.535,27.09,38.97,61.59
788,28.58,12.9,17.85,4.535,27.09,38.97,61.59
789,28.58,12.9,17.85,4.535,27.09,38.97,61.59
790,28.58,12.9,17.85,4.535,27.09,38.97,61.59
791,28.58,12.9,17.85,4.535,27.09,38.97,61.59
792,28.58,12.9,17.85,4.535,27.09,38.97,61.59
793,28.58,12.9,17.85,4.535,27.09,38.97,61.59
794,28.58,12.9,17.85,4.535,27.09,38.97,61.59
795,28.58,12.9,17.85,4.535,27.09,38.97,61.59
796,28.58,12.9,17.85,4.535,27.09,38.97,61.59
797,28.58,12.9,17.85,4.535,27.09,38.97,61.59
798,28.58,12.9,17.85,4.535,27.09,38.97,61.59
799,28.58,12.9,17.85,4.535,27.09,38.97,61.59
800,28.58,12.9,17.85,4.535,27.09,38.97,61.59
801,28.58,12.9,17.85,4.535,27.09,38.97,61.59
802,28.58,12.9,17.85,4.535,27.09,38.97,61.59
803,28.58,12.9,17.85,4.535,27.09,38.97,61.59
804,28.58,12.9,17.85,4.535,27.09,38.97,61.59
805,28.58,12.9,17.85,4.535,27.09,38.97,61.59
806,28.58,12.9,17.85,4.535,27.09,38.97,61.59
807,28.58,12.9,17.85,4.535,27.09,38.97,61.59
808,28.58,12.9,17.85,4.535,27.09,38.97,61.59
809,28.58,12.9,17.85,4.535,27.09,38.97,61.59
810,28.58,12.9,17.85,4.535,27.09,38.97,61.59
811,28.58,12.9,17.85,4.535,27.09,38.97,61.59
812,28.58,12.9,17.85,4.535,27.09,38.97,61.59
813,28.58,12.9,17.85,4.535,27.09,38.97,61.59
814,28.58,12.9,17.85,4.535,27.09,38.97,61.59
815,28.58,12.9,17.85,4.535,27.09,38.97,61.59
816,28.58,12.9,17.85,4.535,27.09,38.97,61.59
817,28.58,12.9,17.85,4.535,27.09,38.97,61.59
818,28.58,12.9,17.85,4.535,27.09,38.97,61.59
819,28.58,12.9,17.85,4.535,27.09,38.97,61.59
820,28.58,12.9,17.85,4.535,27.09,38.97,61.59
821,28.58,12.9,17.85,4.535,27.09,38.97,61.59
822,28.58,12.9,17.85,4.535,27.09,38.97,61.59
823,28.58,12.9,17.85,4.535,27.09,38.97,61.59
824,28.58,12.9,17.85,4.535,27.09,38.97,61.59
825,28.58,12.9,17.85,4.535,27.09,38.97,61.59
826,28.58,12.9,17.85,4.535,27.09,38.97,61.59
827,28.58,12.9,17.85,4.535,27.09,38.97,61.59
828,28.58,12.9,17.85,4.535,27.09,38.97,61.59
829,28.58,12.9,17.85,4.535,27.09,38.97,61.59
830,28.58,12.9,17.85,4.535,27.09,38.97,61.59
831,28.58,12.9,17.85,4.535,27.09,38.97,61.59
832,28.58,12.9,17.85,4.535,27.09,38.97,61.59
833,28.58,12.9,17.85,4.535,27.09,38.97,61.59
834,28.58,12.9,17.85,4.535,27.09,38.97,61.59
835,28.58,12.9,17.85,4.535,27.09,38.97,61.59
836,28.58,12.9,17.85,4.535,27.09,38.97,61.59
837,28.58,12.9,17.85,4.535,27.09,38.97,61.59
838,28.58,12.9,17.85,4.535,27.09,38.97,61.59
839,28.58,12.9,17.85,4.535,27.09,38.97,61.59
840,28.58,12.9,17.85,4.535,27.09,38.97,61.59
841,28.58,12.9,17.85,4.535,27.09,38.97,61.59
842,28.58,12.9,17.85,4.535,27.09,38.97,61.59
843,28.58,12.9,17.85,4.535,27.09,38.97,61.59
844,28.58,12.9,17.85,4.535,27.09,38.97,61.59
845,28.58,12.9,17.85,4.535,27.09,38.97,61.59
846,28.58,12.9,17.85,4.535,27.09,38.97,61.59
847,28.58,12.9,17.85,4.535,27.09,38.97,61.59
848,28.58,12.9,17.85,4.535,27.09,38.97,61.59
849,28.58,12.9,17.85,4.535,27.09,38.97,61.59
850,28.58,12.9,17.85,4.535,27.09,38.97,61.59
851,28.58,12.9,17.85,4.535,27.09,38.97,61.59
852,28.58,12.9,17.85,4.535,27.09,38.97,61.59
853,28.58,12.9,17.85,4.535,27.09,38.97,61.59
854,28.58,12.9,17.85,4.535,27.09,38.97,61.59
855,28.58,12.9,17.85,4.535,27.09,38.97,61.59
856,28.58,12.9,17.85,4.535,27.09,38.97,61.59
857,28.58,12.9,17.85,4.535,27.09,38.97,61.59
858,28.58,12.9,17.85,4.535,27.09,38.97,61.59
859,28.58,12.9,17.85,4.535,27.09,38.97,61.59
860,28.58,12.9,17.85,4.535,27.09,38.97,61.59
861,28.58,12.9,17.85,4.535,27.09,38.97,61.59
862,28.58,12.9,17.85,4.535,27.09,38.97,61.59
863,28.58,12.9,17.85,4.535,27.09,38.97,61.59
864,28.58,12.9,17.85,4.535,27.09,38.97,61.59
865,28.58,12.9,17.85,4.535,27.09,38.97,61.59
866,28.58,12.9,17.85,4.535,27.09,38.97,61.59
867,28.58,12.9,17.85,4.535,27.09,38.97,61.59
868,28.58,12.9,17.85,4.535,27.09,38.97,61.59
869,28.58,12.9,17.85,4.535,27.09,38.97,61.59
870,28.58,12.9,17.85,4.535,27.09,38.97,61.59
871,28.58,12.9,17.85,4.535,27.09,38.97,61.59
872,28.58,12.9,17.85,4.535,27.09,38.97,61.59
873,28.58,12.9,17.85,4.535,27.09,38.97,61.59
874,28.58,12.9,17.85,4.535,27.09,38.97,61.59
875,28.58,12.9,17.85,4.535,27.09,38.97,61.59
876,28.58,12.9,17.85,4.535,27.09,38.97,61.59
877,28.58,12.9,17.85,4.535,27.09,38.97,61.59
878,28.58,12.9,17.85,4.535,27.09,38.97,61.59
879,28.58,12.9,17.85,4.535,27.09,38.97,61.59
880,28.58,12.9,17.85,4.535,27.09,38.97,61.59
881,28.58,12.9,17.85,4.535,27.09,38.97,61.59
882,28.58,12.9,17.85,4.535,27.09,38.97,61.59
883,28.58,12.9,17.85,4.535,27.09,38.97,61.59
884,28.58,12.9,17.85,4.535,27.09,38.97,61.59
885,28.58,12.9,17.85,4.535,27.09,38.97,61.59
886,28.58,12.9,17.85,4.535,27.09,38.97,61.59
887,28.58,12.9,17.85,4.535,27.09,38.97,61.59
888,28.58,12.9,17.85,4.535,27.09,38.97,61.59
889,28.58,12.9,17.85,4.535,27.09,38.97,61.59
890,28.58,12.9,17.85,4.535,27.09,38.97,61.59
891,28.58,12.9,17.85,4.535,27.09,38.97,61.59
892,28.58,12.9,17.85,4.535,27.09,38.97,61.59
893,28.58,12.9,17.85,4.535,27.09,38.97,61.59
894,28.58,12.9,17.85,4.535,27.09,38.97,61.59
895,28.58,12.9,17.85,4.535,27.09,38.97,61.59
896,28.58,12.9,17.85,4.535,27.09,38.97,61.59
897,28.58,12.9,17.85,4.535,27.09,38.97,61.59
898,28.58,12.9,17.85,4.535,27.09,38.97,61.59
899,28.58,12.9,17.85,4.535,27.09,38.97,61.59
900,28.58,12.9,17.85,4.535,27.09,38.97,61.59
901,28.58,12.9,17.85,4.535,27.09,38.97,61.59
902,28.58,12.9,17.85,4.535,27.09,38.97,61.59
903,28.58,12.9,17.85,4.535,27.09,38.97,61.59
904,28.58,12.9,17.85,4.535,27.09,38.97,61.59
905,28.58,12.9,17.85,4.535,27.09,38.97,61.59
906,28.58,12.9,17.85,4.535,27.09,38.97,61.59
907,28.58,12.9,17.85,4.535,27.09,38.97,61.59
908,28.58,12.9,17.85,4.535,27.09,38.97,61.59
909,28.58,12.9,17.85,4.535,27.09,38.97,61.59
910,28.58,12.9,17.85,4.535,27.09,38.97,61.59
911,28.58,12.9,17.85,4.535,27.09,38.97,61.59
912,28.58,12.9,17.85,4.535,27.09,38.97,61.59
913,28.58,12.9,17.85,4.535,27.09,38.97,61.59
914,28.58,12.9,17.85,4.535,27.09,38.97,61.59
915,28.58,12.9,17.85,4.535,27.09,38.97,61.59
916,28.58,12.9,17.85,4.535,27.09,38.97,61.59
917,28.58,12.9,17.85,4.535,27.09,38.97,61.59
918,28.58,12.9,17.85,4.535,27.09,38.97,61.59
919,28.58,12.9,17.85,4.535,27.09,38.97,61.59
920,28.58,12.9,17.85,4.535,27.09,38.97,61.59
921,28.58,12.9,17.85,4.535,27.09,38.97,61.59
922,28.58,12.9,17.85,4.535,27.09,38.97,61.59
923,28.58,12.9,17.85,4.535,27.09,38.97,61.59
924,28.58,12.9,17.85,4.535,27.09,38.97,61.59
925,28.58,12.9,17.85,4.535,27.09,38.97,61.59
926,28.58,12.9,17.85,4.535,27.09,38.97,61.59
927,28.58,12.9,17.85,4.535,27.09,38.97,61.59
928,28.58,12.9,17.85,4.535,27.09,38.97,61.59
929,28.58,12.9,17.85,4.535,27.09,38.97,61.59
930,28.58,12.9,17.85,4.535,27.09,38.97,61.59
931,28.58,12.9,17.85,4.535,27.09,38.97,61.59
932,28.58,12.9,17.85,4.535,27.09,38.97,61.59
933,28.58,12.9,17.85,4.535,27.09,38.97,61.59
934,28.58,12.9,17.85,4.535,27.09,38.97,61.59
935,28.58,12.9,17.85,4.535,27.09,38.97,61.59
936,28.58,12.9,17.85,4.535,27.09,38.97,61.59
937,28.58,12.9,17.85,4.535,27.09,38.97,61.59
938,28.58,12.9,17.85,4.535,27.09,38.97,61.59
939,28.58,12.9,17.85,4.535,27.09,38.97,61.59
940,28.58,12.9,17.85,4.535,27.09,38.97,61.59
941,28.58,12.9,17.85,4.535,27.09,38.97,61.59
942,28.58,12.9,17.85,4.535,27.09,38.97,61.59
943,28.58,12.9,17.85,4.535,27.09,38.97,61.59
944,28.58,12.9,17.85,4.535,27.09,38.97,61.59
945,28.58,12.9,17.85,4.535,27.09,38.97,61.59
946,28.58,12.9,17.85,4.535,27.09,38.97,61.59
947,28.58,12.9,17.85,4.535,27.09,38.97,61.59
948,28.58,12.9,17.85,4.535,27.09,38.97,61.59
949,28.58,12.9,17.85,4.535,27.09,38.97,61.59
950,28.58,12.9,17.85,4.535,27.09,38.97,61.59
951,28.58,12.9,17.85,4.535,27.09,38.97,61.59
952,28.58,12.9,17.85,4.535,27.09,38.97,61.59
953,28.58,12.9,17.85,4.535,27.09,38.97,61.59
954,28.58,12.9,17.85,4.535,27.09,38.97,61.59
955,28.58,12.9,17.85,4.535,27.09,38.97,61.59
956,28.58,12.9,17.85,4.535,27.09,38.97,61.59
957,28.58,12.9,17.85,4.535,27.09,38.97,61.59
958,28.58,12.9,17.85,4.535,27.09,38.97,61.59
959,28.58,12.9,17.85,4.535,27.09,38.97,61.59
960,28.58,12.9,17.85,4.535,27.09,38.97,61.59
961,28.58,12.9,17.85,4.535,27.09,38.97,61.59
962,28.58,12.9,17.85,4.535,27.09,38.97,61.59
963,28.58,12.9,17.85,4.535,27.09,38.97,61.59
964,28.58,12.9,17.85,4.535,27.09,38.97,61.59
965,28.58,12.9,17.85,4.535,27.09,38.97,61.59
966,28.58,12.9,17.85,4.535,27.09,38.97,61.59
967,28.58,12.9,17.85,4.535,27.09,38.97,61.59
968,28.58,12.9,17.85,4.535,27.09,38.97,61.59
969,28.58,12.9,17.85,4.535,27.09,38.97,61.59
970,28.58,12.9,17.85,4.535,27.09,38.97,61.59
971,28.58,12.9,17.85,4.535,27.09,38.97,61.59
972,28.58,12.9,17.85,4.535,27.09,38.97,61.59
973,28.58,12.9,17.85,4.535,27.09,38.97,61.59
974,28.58,12.9,17.85,4.535,27.09,38.97,61.59
975,28.58,12.9,17.85,4.535,27.09,38.97,61.59
976,28.58,12.9,17.85,4.535,27.09,38.97,61.59
977,28.58,12.9,17.85,4.535,27.09,38.97,61.59
978,28.58,12.9,17.85,4.535,27.09,38.97,61.59
979,28.58,12.9,17.85,4.535,27.09,38.97,61.59
980,28.58,12.9,17.85,4.535,27.09,38.97,61.59
981,28.58,12.9,17.85,4.535,27.09,38.97,61.59
982,28.58,12.9,17.85,4.535,27.09,38.97,61.59
983,28.58,12.9,17.85,4.535,27.09,38.97,61.59
984,28.58,12.9,17.85,4.535,27.09,38.97,61.59
985,28.58,12.9,17.85,4.535,27.09,38.97,61.59
986,28.58,12.9,17.85,4.535,27.09,38.97,61.59
987,28.58,12.9,17.85,4.535,27.09,38.97,61.59
988,28.58,12.9,17.85,4.535,27.09,38.97,61.59
989,28.58,12.9,17.85,4.535,27.09,38.97,61.59
990,28.58,12.9,17.85,4.535,27.09,38.97,61.59
991,28.58,12.9,17.85,4.535,27.09,38.97,61.59
992,28.58,12.9,17.85,4.535,27.09,38.97,61.59
993,28.58,12.9,17.85,4.535,27.09,38.97,61.59
994,28.58,12.9,17.85,4.535,27.09,38.97,61.59
995,28.58,12.9,17.85,4.535,27.09,38.97,61.59
996,28.58,12.9,17.85,4.535,27.09,38.97,61.59
997,28.58,12.9,17.85,4.535,27.09,38.97,61.59
998,28.58,12.9,17.85,4.535,27.09,38.97,61.59
999,28.58,12.9,17.85,4.535,27.09,38.97,61.59
1000,28.58,12.9,17.85,4.535,27.09,38.97,61.59
1001,28.58,12.9,17.85,4.535,27.09,38.97,61.59
1002,28.58,12.9,17.85,4.535,27.09,38.97,61.59
1003,28.58,12.9,17.85,4.535,27.09,38.97,61.59
1004,28.58,12.9,17.85,4.535,27.09,38.97,61.59
1005,28.58,12.9,17.85,4.535,27.09,38.97,61.59
1006,28.58,12.9,17.85,4.535,27.09,38.97,61.59
1007,28.58,12.9,17.85,4.535,27.09,38.97,61.59
1008,28.58,12.9,17.85,4.535,27.09,38.97,61.59
1009,28.58,12.9,17.85,4.535,27.09,38.97,61.59
1010,28.58,12.9,17.85,4.535,27.09,38.97,61.59
1011,28.58,12.9,17.85,4.535,27.09,38.97,61.59
1012,28.58,12.9,17.85,4.535,27.09,38.97,61.59
1013,28.58,12.9,17.85,4.535,27.09,38.97,61.59
1014,28.58,12.9,17.85,4.535,27.09,38.97,61.59
1015,28.58,12.9,17.85,4.535,27.09,38.97,61.59
1016,28.58,12.9,17.85,4.535,27.09,38.97,61.59
1017,28.58,12.9,17.85,4.535,27.09,38.97,61.59
1018,28.58,12.9,17.85,4.535,27.09,38.97,61.59
1019,28.58,12.9,17.85,4.535,27.09,38.97,61.59
1020,28.58,12.9,17.85,4.535,27.09,38.97,61.59
1021,28.58,12.9,17.85,4.535,27.09,38.97,61.59
1022,28.58,12.9,17.85,4.535,27.09,38.97,61.59
1023,28.58,12.9,17.85,4.535,27.09,38.97,61.59
1024,28.58,12.9,17.85,4.535,27.09,38.97,61.59
1025,28.58,12.9,17.85,4.535,27.09,38.97,61.59
1026,28.58,12.9,17.85,4.535,27.09,38.97,61.59
1027,28.58,12.9,17.85,4.535,27.09,38.97,61.59
1028,28.58,12.9,17.85,4.535,27.09,38.97,61.59
1029,28.58,12.9,17.85,4.535,27.09,38.97,61.59
1030,28.58,12.9,17.85,4.535,27.09,38.97,61.59
1031,28.58,12.9,17.85,4.535,27.09,38.97,61.59
1032,28.58,12.9,17.85,4.535,27.09,38.97,61.59
1033,28.58,12.9,17.85,4.535,27.09,38.97,61.59
1034,28.58,12.9,17.85,4.535,27.09,38.97,61.59
1035,28.58,12.9,17.85,4.535,27.09,38.97,61.59
1036,28.58,12.9,17.85,4.535,27.09,38.97,61.59
1037,28.58,12.9,17.85,4.535,27.09,38.97,61.59
1038,28.58,12.9,17.85,4.535,27.09,38.97,61.59
1039,28.58,12.9,17.85,4.535,27.09,38.97,61.59
1040,28.58,12.9,17.85,4.535,27.09,38.97,61.59
1041,28.58,12.9,17.85,4.535,27.09,38.97,61.59
1042,28.58,12.9,17.85,4.535,27.09,38.97,61.59
1043,28.58,12.9,17.85,4.535,27.09,38.97,61.59
1044,28.58,12.9,17.85,4.535,27.09,38.97,61.59
1045,28.58,12.9,17.85,4.535,27.09,38.97,61.59
1046,28.58,12.9,17.85,4.535,27.09,38.97,61.59
1047,28.58,12.9,17.85,4.535,27.09,38.97,61.59
1048,28.58,12.9,17.85,4.535,27.09,38.97,61.59
1049,28.58,12.9,17.85,4.535,27.09,38.97,61.59
1050,28.58,12.9,17.85,4.535,27.09,38.97,61.59
1051,28.58,12.9,17.85,4.535,27.09,38.97,61.59
1052,28.58,12.9,17.85,4.535,27.09,38.97,61.59
1053,28.58,12.9,17.85,4.535,27.09,38.97,61.59
1054,28.58,12.9,17.85,4.535,27.09,38.97,61.59
1055,28.58,12.9,17.85,4.535,27.09,38.97,61.59
1056,28.58,12.9,17.85,4.535,27.09,38.97,61.59
1057,28.58,12.9,17.85,4.535,27.09,38.97,61.59
1058,28.58,12.9,17.85,4.535,27.09,38.97,61.59
1059,28.58,12.9,17.85,4.535,27.09,38.97,61.59
1060,28.58,12.9,17.85,4.535,27.09,38.97,61.59
1061,28.58,12.9,17.85,4.535,27.09,38.97,61.59
1062,28.58,12.9,17.85,4.535,27.09,38.97,61.59
1063,28.58,12.9,17.85,4.535,27.09,38.97,61.59
1064,28.58,12.9,17.85,4.535,27.09,38.97,61.59
1065,28.58,12.9,17.85,4.535,27.09,38.97,61.59
1066,28.58,12.9,17.85,4.535,27.09,38.97,61.59
1067,28.58,12.9,17.85,4.535,27.09,38.97,61.59
1068,28.58,12.9,17.85,4.535,27.09,38.97,61.59
1069,28.58,12.9,17.85,4.535,27.09,38.97,61.59
1070,28.58,12.9,17.85,4.535,27.09,38.97,61.59
1071,28.58,12.9,17.85,4.535,27.09,38.97,61.59
1072,28.58,12.9,17.85,4.535,27.09,38.97,61.59
1073,28.58,12.9,17.85,4.535,27.09,38.97,61.59
1074,28.58,12.9,17.85,4.535,27.09,38.97,61.59
1075,28.58,12.9,17.85,4.535,27.09,38.97,61.59
1076,28.58,12.9,17.85,4.535,27.09,38.97,61.59
1077,28.58,12.9,17.85,4.535,27.09,38.97,61.59
1078,28.58,12.9,17.85,4.535,27.09,38.97,61.59
1079,28.58,12.9,17.85,4.535,27.09,38.97,61.59
1080,28.58,12.9,17.85,4.535,27.09,38.97,61.59
1081,28.58,12.9,17.85,4.535,27.09,38.97,61.59
1082,28.58,12.9,17.85,4.535,27.09,38.97,61.59
1083,28.58,12.9,17.85,4.535,27.09,38.97,61.59
1084,28.58,12.9,17.85,4.535,27.09,38.97,61.59
1085,28.58,12.9,17.85,4.535,27.09,38.97,61.59
1086,28.58,12.9,17.85,4.535,27.09,38.97,61.59
1087,28.58,12.9,17.85,4.535,27.09,38.97,61.59
1088,28.58,12.9,17.85,4.535,27.09,38.97,61.59
1089,28.58,12.9,17.85,4.535,27.09,38.97,61.59
1090,28.58,12.9,17.85,4.535,27.09,38.97,61.59
1091,28.58,12.9,17.85,4.535,27.09,38.97,61.59
1092,28.58,12.9,17.85,4.535,27.09,38.97,61.59
1093,28.58,12.9,17.85,4.535,27.09,38.97,61.59
1094,28.58,12.9,17.85,4.535,27.09,38.97,61.59
1095,28.58,12.9,17.85,4.535,27.09,38.97,61.59
1096,28.58,12.9,17.85,4.535,27.09,38.97,61.59
1097,28.58,12.9,17.85,4.535,27.09,38.97,61.59
1098,28.58,12.9,17.85,4.535,27.09,38.97,61.59
1099,28.58,12.9,17.85,4.535,27.09,38.97,61.59
1100,28.58,12.9,17.85,4.535,27.09,38.97,61.59
1101,28.58,12.9,17.85,4.535,27.09,38.97,61.59
1102,28.58,12.9,17.85,4.535,27.09,38.97,61.59
1103,28.58,12.9,17.85,4.535,27.09,38.97,61.59
1104,28.58,12.9,17.85,4.535,27.09,38.97,61.59
1105,28.58,12.9,17.85,4.535,27.09,38.97,61.59
1106,28.58,12.9,17.85,4.535,27.09,38.97,61.59
1107,28.58,12.9,17.85,4.535,27.09,38.97,61.59
1108,28.58,12.9,17.85,4.535,27.09,38.97,61.59
1109,28.58,12.9,17.85,4.535,27.09,38.97,61.59
1110,28.58,12.9,17.85,4.535,27.09,38.97,61.59
1111,28.58,12.9,17.85,4.535,27.09,38.97,61.59
1112,28.58,12.9,17.85,4.535,27.09,38.97,61.59
1113,28.58,12.9,17.85,4.535,27.09,38.97,61.59
1114,28.58,12.9,17.85,4.535,27.09,38.97,61.59
1115,28.58,12.9,17.85,4.535,27.09,38.97,61.59
1116,28.58,12.9,17.85,4.535,27.09,38.97,61.59
1117,28.58,12.9,17.85,4.535,27.09,38.97,61.59
1118,28.58,12.9,17.85,4.535,27.09,38.97,61.59
1119,28.58,12.9,17.85,4.535,27.09,38.97,61.59
1120,28.58,12.9,17.85,4.535,27.09,38.97,61.59
1121,28.58,12.9,17.85,4.535,27.09,38.97,61.59
1122,28.58,12.9,17.85,4.535,27.09,38.97,61.59
1123,28.58,12.9,17.85,4.535,27.09,38.97,61.59
1124,28.58,12.9,17.85,4.535,27.09,38.97,61.59
1125,28.58,12.9,17.85,4.535,27.09,38.97,61.59
1126,28.58,12.9,17.85,4.535,27.09,38.97,61.59
1127,28.58,12.9,17.85,4.535,27.09,38.97,61.59
1128,28.58,12.9,17.85,4.535,27.09,38.97,61.59
1129,28.58,12.9,17.85,4.535,27.09,38.97,61.59
1130,28.58,12.9,17.85,4.535,27.09,38.97,61.59
1131,28.58,12.9,17.85,4.535,27.09,38.97,61.59
1132,28.58,12.9,17.85,4.535,27.09,38.97,61.59
1133,28.58,12.9,17.85,4.535,27.09,38.97,61.59
1134,28.58,12.9,17.85,4.535,27.09,38.97,61.59
1135,28.58,12.9,17.85,4.535,27.09,38.97,61.59
1136,28.58,12.9,17.85,4.535,27.09,38.97,61.59
1137,28.58,12.9,17.85,4.535,27.09,38.97,61.59
1138,28.58,12.9,17.85,4.535,27.09,38.97,61.59
1139,28.58,12.9,17.85,4.535,27.09,38.97,61.59
1140,28.58,12.9,17.85,4.535,27.09,38.97,61.59
1141,28.58,12.9,17.85,4.535,27.09,38.97,61.59
1142,28.58,12.9,17.85,4.535,27.09,38.97,61.59
1143,28.58,12.9,17.85,4.535,27.09,38.97,61.59
1144,28.58,12.9,17.85,4.535,27.09,38.97,61.59
1145,28.58,12.9,17.85,4.535,27.09,38.97,61.59
1146,28.58,12.9,17.85,4.535,27.09,38.97,61.59
1147,28.58,12.9,17.85,4.535,27.09,38.97,61.59
1148,28.58,12.9,17.85,4.535,27.09,38.97,61.59
1149,28.58,12.9,17.85,4.535,27.09,38.97,61.59
1150,28.58,12.9,17.85,4.535,27.09,38.97,61.59
1151,28.58,12.9,17.85,4.535,27.09,38.97,61.59
1152,28.58,12.9,17.85,4.535,27.09,38.97,61.59
1153,28.58,12.9,17.85,4.535,27.09,38.97,61.59
1154,28.58,12.9,17.85,4.535,27.09,38.97,61.59
1155,28.58,12.9,17.85,4.535,27.09,38.97,61.59
1156,28.58,12.9,17.85,4.535,27.09,38.97,61.59
1157,28.58,12.9,17.85,4.535,27.09,38.97,61.59
1158,28.58,12.9,17.85,4.535,27.09,38.97,61.59
1159,28.58,12.9,17.85,4.535,27.09,38.97,61.59
1160,28.58,12.9,17.85,4.535,27.09,38.97,61.59
1161,28.58,12.9,17.85,4.535,27.09,38.97,61.59
1162,28.58,12.9,17.85,4.535,27.09,38.97,61.59
1163,28.58,12.9,17.85,4.535,27.09,38.97,61.59
1164,28.58,12.9,17.85,4.535,27.09,38.97,61.59
1165,28.58,12.9,17.85,4.535,27.09,38.97,61.59
1166,28.58,12.9,17.85,4.535,27.09,38.97,61.59
1167,28.58,12.9,17.85,4.535,27.09,38.97,61.59
1168,28.58,12.9,17.85,4.535,27.09,38.97,61.59
1169,28.58,12.9,17.85,4.535,27.09,38.97,61.59
1170,28.58,12.9,17.85,4.535,27.09,38.97,61.59
1171,28.58,12.9,17.85,4.535,27.09,38.97,61.59
1172,28.58,12.9,17.85,4.535,27.09,38.97,61.59
1173,28.58,12.9,17.85,4.535,27.09,38.97,61.59
1174,28.58,12.9,17.85,4.535,27.09,38.97,61.59
1175,28.58,12.9,17.85,4.535,27.09,38.97,61.59
1176,28.58,12.9,17.85,4.535,27.09,38.97,61.59
1177,28.58,12.9,17.85,4.535,27.09,38.97,61.59
1178,28.58,12.9,17.85,4.535,27.09,38.97,61.59
1179,28.58,12.9,17.85,4.535,27.09,38.97,61.59
1180,28.58,12.9,17.85,4.535,27.09,38.97,61.59
1181,28.58,12.9,17.85,4.535,27.09,38.97,61.59
1182,28.58,12.9,17.85,4.535,27.09,38.97,61.59
1183,28.58,12.9,17.85,4.535,27.09,38.97,61.59
1184,28.58,12.9,17.85,4.535,27.09,38.97,61.59
1185,28.58,12.9,17.85,4.535,27.09,38.97,61.59
1186,28.58,12.9,17.85,4.535,27.09,38.97,61.59
1187,28.58,12.9,17.85,4.535,27.09,38.97,61.59
1188,28.58,12.9,17.85,4.535,27.09,38.97,61.59
1189,28.58,12.9,17.85,4.535,27.09,38.97,61.59
1190,28.58,12.9,17.85,4.535,27.09,38.97,61.59
1191,28.58,12.9,17.85,4.535,27.09,38.97,61.59
1192,28.58,12.9,17.85,4.535,27.09,38.97,61.59
1193,28.58,12.9,17.85,4.535,27.09,38.97,61.59
1194,28.58,12.9,17.85,4.535,27.09,38.97,61.59
1195,28.58,12.9,17.85,4.535,27.09,38.97,61.59
1196,28.58,12.9,17.85,4.535,27.09,38.97,61.59
1197,28.58,12.9,17.85,4.535,27.09,38.97,61.59
1198,28.58,12.9,17.85,4.535,27.09,38.97,61.59
1199,28.58,12.9,17.85,4.535,27.09,38.97,61.59
1200,28.58,12.9,17.85,4.535,27.09,38.97,61.59
1201,28.58,12.9,17.85,4.535,27.09,38.97,61.59
1202,28.58,12.9,17.85,4.535,27.09,38.97,61.59
1203,28.58,12.9,17.85,4.535,27.09,38.97,61.59
1204,28.58,12.9,17.85,4.535,27.09,38.97,61.59
1205,28.58,12.9,17.85,4.535,27.09,38.97,61.59
1206,28.58,12.9,17.85,4.535,27.09,38.97,61.59
1207,28.58,12.9,17.85,4.535,27.09,38.97,61.59
1208,28.58,12.9,17.85,4.535,27.09,38.97,61.59
1209,28.58,12.9,17.85,4.535,27.09,38.97,61.59
1210,28.58,12.9,17.85,4.535,27.09,38.97,61.59
1211,28.58,12.9,17.85,4.535,27.09,38.97,61.59
1212,28.58,12.9,17.85,4.535,27.09,38.97,61.59
1213,28.58,12.9,17.85,4.535,27.09,38.97,61.59
1214,28.58,12.9,17.85,4.535,27.09,38.97,61.59
1215,28.58,12.9,17.85,4.535,27.09,38.97,61.59
1216,28.58,12.9,17.85,4.535,27.09,38.97,61.59
1217,28.58,12.9,17.85,4.535,27.09,38.97,61.59
1218,28.58,12.9,17.85,4.535,27.09,38.97,61.59
1219,28.58,12.9,17.85,4.535,27.09,38.97,61.59
1220,28.58,12.9,17.85,4.535,27.09,38.97,61.59
1221,28.58,12.9,17.85,4.535,27.09,38.97,61.59
1222,28.58,12.9,17.85,4.535,27.09,38.97,61.59
1223,28.58,12.9,17.85,4.535,27.09,38.97,61.59
1224,28.58,12.9,17.85,4.535,27.09,38.97,61.59
1225,28.58,12.9,17.85,4.535,27.09,38.97,61.59
1226,28.58,12.9,17.85,4.535,27.09,38.97,61.59
1227,28.58,12.9,17.85,4.535,27.09,38.97,61.59
1228,28.58,12.9,17.85,4.535,27.09,38.97,61.59
1229,28.58,12.9,17.85,4.535,27.09,38.97,61.59
1230,28.58,12.9,17.85,4.535,27.09,38.97,61.59
1231,28.58,12.9,17.85,4.535,27.09,38.97,61.59
1232,28.58,12.9,17.85,4.535,27.09,38.97,61.59
1233,28.58,12.9,17.85,4.535,27.09,38.97,61.59
1234,28.58,12.9,17.85,4.535,27.09,38.97,61.59
1235,28.58,12.9,17.85,4.535,27.09,38.97,61.59
1236,28.58,12.9,17.85,4.535,27.09,38.97,61.59
1237,28.58,12.9,17.85,4.535,27.09,38.97,61.59
1238,28.58,12.9,17.85,4.535,27.09,38.97,61.59
1239,28.58,12.9,17.85,4.535,27.09,38.97,61.59
1240,28.58,12.9,17.85,4.535,27.09,38.97,61.59
1241,28.58,12.9,17.85,4.535,27.09,38.97,61.59
1242,28.58,12.9,17.85,4.535,27.09,38.97,61.59
1243,28.58,12.9,17.85,4.535,27.09,38.97,61.59
1244,28.58,12.9,17.85,4.535,27.09,38.97,61.59
1245,28.58,12.9,17.85,4.535,27.09,38.97,61.59
1246,28.58,12.9,17.85,4.535,27.09,38.97,61.59
1247,28.58,12.9,17.85,4.535,27.09,38.97,61.59
1248,28.58,12.9,17.85,4.535,27.09,38.97,61.59
1249,28.58,12.9,17.85,4.535,27.09,38.97,61.59
1250,28.58,12.9,17.85,4.535,27.09,38.97,61.59
1251,28.58,12.9,17.85,4.535,27.09,38.97,61.59
1252,28.58,12.9,17.85,4.535,27.09,38.97,61.59
1253,28.58,12.9,17.85,4.535,27.09,38.97,61.59
1254,28.58,12.9,17.85,4.535,27.09,38.97,61.59
1255,28.58,12.9,17.85,4.535,27.09,38.97,61.59
1256,28.58,12.9,17.85,4.535,27.09,38.97,61.59
1257,28.58,12.9,17.85,4.535,27.09,38.97,61.59
1258,28.58,12.9,17.85,4.535,27.09,38.97,61.59
1259,28.58,12.9,17.85,4.535,27.09,38.97,61.59
1260,28.58,12.9,17.85,4.535,27.09,38.97,61.59
1261,28.58,12.9,17.85,4.535,27.09,38.97,61.59
1262,28.58,12.9,17.85,4.535,27.09,38.97,61.59
1263,28.58,12.9,17.85,4.535,27.09,38.97,61.59
1264,28.58,12.9,17.85,4.535,27.09,38.97,61.59
1265,28.58,12.9,17.85,4.535,27.09,38.97,61.59
1266,28.58,12.9,17.85,4.535,27.09,38.97,61.59
1267,28.58,12.9,17.85,4.535,27.09,38.97,61.59
1268,28.58,12.9,17.85,4.535,27.09,38.97,61.59
1269,28.58,12.9,17.85,4.535,27.09,38.97,61.59
1270,28.58,12.9,17.85,4.535,27.09,38.97,61.59
1271,28.58,12.9,17.85,4.535,27.09,38.97,61.59
1272,28.58,12.9,17.85,4.535,27.09,38.97,61.59
1273,28.58,12.9,17.85,4.535,27.09,38.97,61.59
1274,28.58,12.9,17.85,4.535,27.09,38.97,61.59
1275,28.58,12.9,17.85,4.535,27.09,38.97,61.59
1276,28.58,12.9,17.85,4.535,27.09,38.97,61.59
1277,28.58,12.9,17.85,4.535,27.09,38.97,61.59
1278,28.58,12.9,17.85,4.535,27.09,38.97,61.59
1279,28.58,12.9,17.85,4.535,27.09,38.97,61.59
1280,28.58,12.9,17.85,4.535,27.09,38.97,61.59
1281,28.58,12.9,17.85,4.535,27.09,38.97,61.59
1282,28.58,12.9,17.85,4.535,27.09,38.97,61.59
1283,28.58,12.9,17.85,4.535,27.09,38.97,61.59
1284,28.58,12.9,17.85,4.535,27.09,38.97,61.59
1285,28.58,12.9,17.85,4.535,27.09,38.97,61.59
1286,28.58,12.9,17.85,4.535,27.09,38.97,61.59
1287,28.58,12.9,17.85,4.535,27.09,38.97,61.59
1288,28.58,12.9,17.85,4.535,27.09,38.97,61.59
1289,28.58,12.9,17.85,4.535,27.09,38.97,61.59
1290,28.58,12.9,17.85,4.535,27.09,38.97,61.59
1291,28.58,12.9,17.85,4.535,27.09,38.97,61.59
1292,28.58,12.9,17.85,4.535,27.09,38.97,61.59
1293,28.58,12.9,17.85,4.535,27.09,38.97,61.59
1294,28.58,12.9,17.85,4.535,27.09,38.97,61.59
1295,28.58,12.9,17.85,4.535,27.09,38.97,61.59
1296,28.58,12.9,17.85,4.535,27.09,38.97,61.59
1297,28.58,12.9,17.85,4.535,27.09,38.97,61.59
1298,28.58,12.9,17.85,4.535,27.09,38.97,61.59
1299,28.58,12.9,17.85,4.535,27.09,38.97,61.59
1300,28.58,12.9,17.85,4.535,27.09,38.97,61.59
1301,28.58,12.9,17.85,4.535,27.09,38.97,61.59
1302,28.58,12.9,17.85,4.535,27.09,38.97,61.59
1303,28.58,12.9,17.85,4.535,27.09,38.97,61.59
1304,28.58,12.9,17.85,4.535,27.09,38.97,61.59
1305,28.58,12.9,17.85,4.535,27.09,38.97,61.59
1306,28.58,12.9,17.85,4.535,27.09,38.97,61.59
1307,28.58,12.9,17.85,4.535,27.09,38.97,61.59
1308,28.58,12.9,17.85,4.535,27.09,38.97,61.59
1309,28.58,12.9,17.85,4.535,27.09,38.97,61.59
1310,28.58,12.9,17.85,4.535,27.09,38.97,61.59
1311,28.58,12.9,17.85,4.535,27.09,38.97,61.59
1312,28.58,12.9,17.85,4.535,27.09,38.97,61.59
1313,28.58,12.9,17.85,4.535,27.09,38.97,61.59
1314,28.58,12.9,17.85,4.535,27.09,38.97,61.59
1315,28.58,12.9,17.85,4.535,27.09,38.97,61.59
1316,28.58,12.9,17.85,4.535,27.09,38.97,61.59
1317,28.58,12.9,17.85,4.535,27.09,38.97,61.59
1318,28.58,12.9,17.85,4.535,27.09,38.97,61.59
1319,28.58,12.9,17.85,4.535,27.09,38.97,61.59
1320,28.58,12.9,17.85,4.535,27.09,38.97,61.59
1321,28.58,12.9,17.85,4.535,27.09,38.97,61.59
1322,28.58,12.9,17.85,4.535,27.09,38.97,61.59
1323,28.58,12.9,17.85,4.535,27.09,38.97,61.59
1324,28.58,12.9,17.85,4.535,27.09,38.97,61.59
1325,28.58,12.9,17.85,4.535,27.09,38.97,61.59
1326,28.58,12.9,17.85,4.535,27.09,38.97,61.59
1327,28.58,12.9,17.85,4.535,27.09,38.97,61.59
1328,28.58,12.9,17.85,4.535,27.09,38.97,61.59
1329,28.58,12.9,17.85,4.535,27.09,38.97,61.59
1330,28.58,12.9,17.85,4.535,27.09,38.97,61.59
1331,28.58,12.9,17.85,4.535,27.09,38.97,61.59
1332,28.58,12.9,17.85,4.535,27.09,38.97,61.59
1333,28.58,12.9,17.85,4.535,27.09,38.97,61.59
1334,28.58,12.9,17.85,4.535,27.09,38.97,61.59
1335,28.58,12.9,17.85,4.535,27.09,38.97,61.59
1336,28.58,12.9,17.85,4.535,27.09,38.97,61.59
1337,28.58,12.9,17.85,4.535,27.09,38.97,61.59
1338,28.58,12.9,17.85,4.535,27.09,38.97,61.59
1339,28.58,12.9,17.85,4.535,27.09,38.97,61.59
1340,28.58,12.9,17.85,4.535,27.09,38.97,61.59
1341,28.58,12.9,17.85,4.535,27.09,38.97,61.59
1342,28.58,12.9,17.85,4.535,27.09,38.97,61.59
1343,28.58,12.9,17.85,4.535,27.09,38.97,61.59
1344,28.58,12.9,17.85,4.535,27.09,38.97,61.59
1345,28.58,12.9,17.85,4.535,27.09,38.97,61.59
1346,28.58,12.9,17.85,4.535,27.09,38.97,61.59
1347,28.58,12.9,17.85,4.535,27.09,38.97,61.59
1348,28.58,12.9,17.85,4.535,27.09,38.97,61.59
1349,28.58,12.9,17.85,4.535,27.09,38.97,61.59
1350,28.58,12.9,17.85,4.535,27.09,38.97,61.59
1351,28.58,12.9,17.85,4.535,27.09,38.97,61.59
1352,28.58,12.9,17.85,4.535,27.09,38.97,61.59
1353,28.58,12.9,17.85,4.535,27.09,38.97,61.59
1354,28.58,12.9,17.85,4.535,27.09,38.97,61.59
1355,28.58,12.9,17.85,4.535,27.09,38.97,61.59
1356,28.58,12.9,17.85,4.535,27.09,38.97,61.59
1357,28.58,12.9,17.85,4.535,27.09,38.97,61.59
1358,28.58,12.9,17.85,4.535,27.09,38.97,61.59
1359,28.58,12.9,17.85,4.535,27.09,38.97,61.59
1360,28.58,12.9,17.85,4.535,27.09,38.97,61.59
1361,28.58,12.9,17.85,4.535,27.09,38.97,61.59
1362,28.58,12.9,17.85,4.535,27.09,38.97,61.59
1363,28.58,12.9,17.85,4.535,27.09,38.97,61.59
1364,28.58,12.9,17.85,4.535,27.09,38.97,61.59
1365,28.58,12.9,17.85,4.535,27.09,38.97,61.59
1366,28.58,12.9,17.85,4.535,27.09,38.97,61.59
1367,28.58,12.9,17.85,4.535,27.09,38.97,61.59
1368,28.58,12.9,17.85,4.535,27.09,38.97,61.59
1369,28.58,12.9,17.85,4.535,27.09,38.97,61.59
1370,28.58,12.9,17.85,4.535,27.09,38.97,61.59
1371,28.58,12.9,17.85,4.535,27.09,38.97,61.59
1372,28.58,12.9,17.85,4.535,27.09,38.97,61.59
1373,28.58,12.9,17.85,4.535,27.09,38.97,61.59
1374,28.58,12.9,17.85,4.535,27.09,38.97,61.59
1375,28.58,12.9,17.85,4.535,27.09,38.97,61.59
1376,28.58,12.9,17.85,4.535,27.09,38.97,61.59
1377,28.58,12.9,17.85,4.535,27.09,38.97,61.59
1378,28.58,12.9,17.85,4.535,27.09,38.97,61.59
1379,28.58,12.9,17.85,4.535,27.09,38.97,61.59
1380,28.58,12.9,17.85,4.535,27.09,38.97,61.59
1381,28.58,12.9,17.85,4.535,27.09,38.97,61.59
1382,28.58,12.9,17.85,4.535,27.09,38.97,61.59
1383,28.58,12.9,17.85,4.535,27.09,38.97,61.59
1384,28.58,12.9,17.85,4.535,27.09,38.97,61.59
1385,28.58,12.9,17.85,4.535,27.09,38.97,61.59
1386,28.58,12.9,17.85,4.535,27.09,38.97,61.59
1387,28.58,12.9,17.85,4.535,27.09,38.97,61.59
1388,28.58,12.9,17.85,4.535,27.09,38.97,61.59
1389,28.58,12.9,17.85,4.535,27.09,38.97,61.59
1390,28.58,12.9,17.85,4.535,27.09,38.97,61.59
1391,28.58,12.9,17.85,4.535,27.09,38.97,61.59
1392,28.58,12.9,17.85,4.535,27.09,38.97,61.59
1393,28.58,12.9,17.85,4.535,27.09,38.97,61.59
1394,28.58,12.9,17.85,4.535,27.09,38.97,61.59
1395,28.58,12.9,17.85,4.535,27.09,38.97,61.59
1396,28.58,12.9,17.85,4.535,27.09,38.97,61.59
1397,28.58,12.9,17.85,4.535,27.09,38.97,61.59
1398,28.58,12.9,17.85,4.535,27.09,38.97,61.59
1399,28.58,12.9,17.85,4.535,27.09,38.97,61.59
1400,28.58,12.9,17.85,4.535,27.09,38.97,61.59
1401,28.58,12.9,17.85,4.535,27.09,38.97,61.59
1402,28.58,12.9,17.85,4.535,27.09,38.97,61.59
1403,28.58,12.9,17.85,4.535,27.09,38.97,61.59
1404,28.58,12.9,17.85,4.535,27.09,38.97,61.59
1405,28.58,12.9,17.85,4.535,27.09,38.97,61.59
1406,28.58,12.9,17.85,4.535,27.09,38.97,61.59
1407,28.58,12.9,17.85,4.535,27.09,38.97,61.59
1408,28.58,12.9,17.85,4.535,27.09,38.97,61.59
1409,28.58,12.9,17.85,4.535,27.09,38.97,61.59
1410,28.58,12.9,17.85,4.535,27.09,38.97,61.59
1411,28.58,12.9,17.85,4.535,27.09,38.97,61.59
1412,28.58,12.9,17.85,4.535,27.09,38.97,61.59
1413,28.58,12.9,17.85,4.535,27.09,38.97,61.59
1414,28.58,12.9,17.85,4.535,27.09,38.97,61.59
1415,28.58,12.9,17.85,4.535,27.09,38.97,61.59
1416,28.58,12.9,17.85,4.535,27.09,38.97,61.59
1417,28.58,12.9,17.85,4.535,27.09,38.97,61.59
1418,28.58,12.9,17.85,4.535,27.09,38.97,61.59
1419,28.58,12.9,17.85,4.535,27.09,38.97,61.59
1420,28.58,12.9,17.85,4.535,27.09,38.97,61.59
1421,28.58,12.9,17.85,4.535,27.09,38.97,61.59
1422,28.58,12.9,17.85,4.535,27.09,38.97,61.59
1423,28.58,12.9,17.85,4.535,27.09,38.97,61.59
1424,28.58,12.9,17.85,4.535,27.09,38.97,61.59
1425,28.58,12.9,17.85,4.535,27.09,38.97,61.59
1426,28.58,12.9,17.85,4.535,27.09,38.97,61.59
1427,28.58,12.9,17.85,4.535,27.09,38.97,61.59
1428,28.58,12.9,17.85,4.535,27.09,38.97,61.59
1429,28.58,12.9,17.85,4.535,27.09,38.97,61.59
1430,28.58,12.9,17.85,4.535,27.09,38.97,61.59
1431,28.58,12.9,17.85,4.535,27.09,38.97,61.59
1432,28.58,12.9,17.85,4.535,27.09,38.97,61.59
1433,28.58,12.9,17.85,4.535,27.09,38.97,61.59
1434,28.58,12.9,17.85,4.535,27.09,38.97,61.59
1435,28.58,12.9,17.85,4.535,27.09,38.97,61.59
1436,28.58,12.9,17.85,4.535,27.09,38.97,61.59
1437,28.58,12.9,17.85,4.535,27.09,38.97,61.59
1438,28.58,12.9,17.85,4.535,27.09,38.97,61.59
1439,28.58,12.9,17.85,4.535,27.09,38.97,61.59
1440,28.58,12.9,17.85,4.535,27.09,38.97,61.59
1441,28.58,12.9,17.85,4.535,27.09,38.97,61.59
1442,28.58,12.9,17.85,4.535,27.09,38.97,61.59
1443,28.58,12.9,17.85,4.535,27.09,38.97,61.59
1444,28.58,12.9,17.85,4.535,27.09,38.97,61.59
1445,28.58,12.9,17.85,4.535,27.09,38.97,61.59
1446,28.58,12.9,17.85,4.535,27.09,38.97,61.59
1447,28.58,12.9,17.85,4.535,27.09,38.97,61.59
1448,28.58,12.9,17.85,4.535,27.09,38.97,61.59
1449,28.58,12.9,17.85,4.535,27.09,38.97,61.59
1450,28.58,12.9,17.85,4.535,27.09,38.97,61.59
1451,28.58,12.9,17.85,4.535,27.09,38.97,61.59
1452,28.58,12.9,17.85,4.535,27.09,38.97,61.59
1453,28.58,12.9,17.85,4.535,27.09,38.97,61.59
1454,28.58,12.9,17.85,4.535,27.09,38.97,61.59
1455,28.58,12.9,17.85,4.535,27.09,38.97,61.59
1456,28.58,12.9,17.85,4.535,27.09,38.97,61.59
1457,28.58,12.9,17.85,4.535,27.09,38.97,61.59
1458,28.58,12.9,17.85,4.535,27.09,38.97,61.59
1459,28.58,12.9,17.85,4.535,27.09,38.97,61.59
1460,28.58,12.9,17.85,4.535,27.09,38.97,61.59
1461,28.58,12.9,17.85,4.535,27.09,38.97,61.59
1462,28.58,12.9,17.85,4.535,27.09,38.97,61.59
1463,28.58,12.9,17.85,4.535,27.09,38.97,61.59
1464,28.58,12.9,17.85,4.535,27.09,38.97,61.59
1465,28.58,12.9,17.85,4.535,27.09,38.97,61.59
1466,28.58,12.9,17.85,4.535,27.09,38.97,61.59
1467,28.58,12.9,17.85,4.535,27.09,38.97,61.59
1468,28.58,12.9,17.85,4.535,27.09,38.97,61.59
1469,28.58,12.9,17.85,4.535,27.09,38.97,61.59
1470,28.58,12.9,17.85,4.535,27.09,38.97,61.59
1471,28.58,12.9,17.85,4.535,27.09,38.97,61.59
1472,28.58,12.9,17.85,4.535,27.09,38.97,61.59
1473,28.58,12.9,17.85,4.535,27.09,38.97,61.59
1474,28.58,12.9,17.85,4.535,27.09,38.97,61.59
1475,28.58,12.9,17.85,4.535,27.09,38.97,61.59
1476,28.58,12.9,17.85,4.535,27.09,38.97,61.59
1477,28.58,12.9,17.85,4.535,27.09,38.97,61.59
1478,28.58,12.9,17.85,4.535,27.09,38.97,61.59
1479,28.58,12.9,17.85,4.535,27.09,38.97,61.59
1480,28.58,12.9,17.85,4.535,27.09,38.97,61.59
1481,28.58,12.9,17.85,4.535,27.09,38.97,61.59
1482,28.58,12.9,17.85,4.535,27.09,38.97,61.59
1483,28.58,12.9,17.85,4.535,27.09,38.97,61.59
1484,28.58,12.9,17.85,4.535,27.09,38.97,61.59
1485,28.58,12.9,17.85,4.535,27.09,38.97,61.59
1486,28.58,12.9,17.85,4.535,27.09,38.97,61.59
1487,28.58,12.9,17.85,4.535,27.09,38.97,61.59
1488,28.58,12.9,17.85,4.535,27.09,38.97,61.59
1489,28.58,12.9,17.85,4.535,27.09,38.97,61.59
1490,28.58,12.9,17.85,4.535,27.09,38.97,61.59
1491,28.58,12.9,17.85,4.535,27.09,38.97,61.59
1492,28.58,12.9,17.85,4.535,27.09,38.97,61.59
1493,28.58,12.9,17.85,4.535,27.09,38.97,61.59
1494,28.58,12.9,17.85,4.535,27.09,38.97,61.59
1495,28.58,12.9,17.85,4.535,27.09,38.97,61.59
1496,28.58,12.9,17.85,4.535,27.09,38.97,61.59
1497,28.58,12.9,17.85,4.535,27.09,38.97,61.59
1498,28.58,12.9,17.85,4.535,27.09,38.97,61.59
1499,28.58,12.9,17.85,4.535,27.09,38.97,61.59
1500,28.58,12.9,17.85,4.535,27.09,38.97,61.59
1501,28.58,12.9,17.85,4.535,27.09,38.97,61.59
1502,28.58,12.9,17.85,4.535,27.09,38.97,61.59
1503,28.58,12.9,17.85,4.535,27.09,38.97,61.59
1504,28.58,12.9,17.85,4.535,27.09,38.97,61.59
1505,28.58,12.9,17.85,4.535,27.09,38.97,61.59
1506,28.58,12.9,17.85,4.535,27.09,38.97,61.59
1507,28.58,12.9,17.85,4.535,27.09,38.97,61.59
1508,28.58,12.9,17.85,4.535,27.09,38.97,61.59
1509,28.58,12.9,17.85,4.535,27.09,38.97,61.59
1510,28.58,12.9,17.85,4.535,27.09,38.97,61.59
1511,28.58,12.9,17.85,4.535,27.09,38.97,61.59
1512,28.58,12.9,17.85,4.535,27.09,38.97,61.59
1513,28.58,12.9,17.85,4.535,27.09,38.97,61.59
1514,28.58,12.9,17.85,4.535,27.09,38.97,61.59
1515,28.58,12.9,17.85,4.535,27.09,38.97,61.59
1516,28.58,12.9,17.85,4.535,27.09,38.97,61.59
1517,28.58,12.9,17.85,4.535,27.09,38.97,61.59
1518,28.58,12.9,17.85,4.535,27.09,38.97,61.59
1519,28.58,12.9,17.85,4.535,27.09,38.97,61.59
1520,28.58,12.9,17.85,4.535,27.09,38.97,61.59
1521,28.58,12.9,17.85,4.535,27.09,38.97,61.59
1522,28.58,12.9,17.85,4.535,27.09,38.97,61.59
1523,28.58,12.9,17.85,4.535,27.09,38.97,61.59
1524,28.58,12.9,17.85,4.535,27.09,38.97,61.59
1525,28.58,12.9,17.85,4.535,27.09,38.97,61.59
1526,28.58,12.9,17.85,4.535,27.09,38.97,61.59
1527,28.58,12.9,17.85,4.535,27.09,38.97,61.59
1528,28.58,12.9,17.85,4.535,27.09,38.97,61.59
1529,28.58,12.9,17.85,4.535,27.09,38.97,61.59
1530,28.58,12.9,17.85,4.535,27.09,38.97,61.59
1531,28.58,12.9,17.85,4.535,27.09,38.97,61.59
1532,28.58,12.9,17.85,4.535,27.09,38.97,61.59
1533,28.58,12.9,17.85,4.535,27.09,38.97,61.59
1534,28.58,12.9,17.85,4.535,27.09,38.97,61.59
1535,28.58,12.9,17.85,4.535,27.09,38.97,61.59
1536,28.58,12.9,17.85,4.535,27.09,38.97,61.59
1537,28.58,12.9,17.85,4.535,27.09,38.97,61.59
1538,28.58,12.9,17.85,4.535,27.09,38.97,61.59
1539,28.58,12.9,17.85,4.535,27.09,38.97,61.59
1540,28.58,12.9,17.85,4.535,27.09,38.97,61.59
1541,28.58,12.9,17.85,4.535,27.09,38.97,61.59
1542,28.58,12.9,17.85,4.535,27.09,38.97,61.59
1543,28.58,12.9,17.85,4.535,27.09,38.97,61.59
1544,28.58,12.9,17.85,4.535,27.09,38.97,61.59
1545,28.58,12.9,17.85,4.535,27.09,38.97,61.59
1546,28.58,12.9,17.85,4.535,27.09,38.97,61.59
1547,28.58,12.9,17.85,4.535,27.09,38.97,61.59
1548,28.58,12.9,17.85,4.535,27.09,38.97,61.59
1549,28.58,12.9,17.85,4.535,27.09,38.97,61.59
1550,28.58,12.9,17.85,4.535,27.09,38.97,61.59
1551,28.58,12.9,17.85,4.535,27.09,38.97,61.59
1552,28.58,12.9,17.85,4.535,27.09,38.97,61.59
1553,28.58,12.9,17.85,4.535,27.09,38.97,61.59
1554,28.58,12.9,17.85,4.535,27.09,38.97,61.59
1555,28.58,12.9,17.85,4.535,27.09,38.97,61.59
1556,28.58,12.9,17.85,4.535,27.09,38.97,61.59
1557,28.58,12.9,17.85,4.535,27.09,38.97,61.59
1558,28.58,12.9,17.85,4.535,27.09,38.97,61.59
1559,28.58,12.9,17.85,4.535,27.09,38.97,61.59
1560,28.58,12.9,17.85,4.535,27.09,38.97,61.59
1561,28.58,12.9,17.85,4.535,27.09,38.97,61.59
1562,28.58,12.9,17.85,4.535,27.09,38.97,61.59
1563,28.58,12.9,17.85,4.535,27.09,38.97,61.59
1564,28.58,12.9,17.85,4.535,27.09,38.97,61.59
1565,28.58,12.9,17.85,4.535,27.09,38.97,61.59
1566,28.58,12.9,17.85,4.535,27.09,38.97,61.59
1567,28.58,12.9,17.85,4.535,27.09,38.97,61.59
1568,28.58,12.9,17.85,4.535,27.09,38.97,61.59
1569,28.58,12.9,17.85,4.535,27.09,38.97,61.59
1570,28.58,12.9,17.85,4.535,27.09,38.97,61.59
1571,28.58,12.9,17.85,4.535,27.09,38.97,61.59
1572,28.58,12.9,17.85,4.535,27.09,38.97,61.59
1573,28.58,12.9,17.85,4.535,27.09,38.97,61.59
1574,28.58,12.9,17.85,4.535,27.09,38.97,61.59
1575,28.58,12.9,17.85,4.535,27.09,38.97,61.59
1576,28.58,12.9,17.85,4.535,27.09,38.97,61.59
1577,28.58,12.9,17.85,4.535,27.09,38.97,61.59
1578,28.58,12.9,17.85,4.535,27.09,38.97,61.59
1579,28.58,12.9,17.85,4.535,27.09,38.97,61.59
1580,28.58,12.9,17.85,4.535,27.09,38.97,61.59
1581,28.58,12.9,17.85,4.535,27.09,38.97,61.59
1582,28.58,12.9,17.85,4.535,27.09,38.97,61.59
1583,28.58,12.9,17.85,4.535,27.09,38.97,61.59
1584,28.58,12.9,17.85,4.535,27.09,38.97,61.59
1585,28.58,12.9,17.85,4.535,27.09,38.97,61.59
1586,28.58,12.9,17.85,4.535,27.09,38.97,61.59
1587,28.58,12.9,17.85,4.535,27.09,38.97,61.59
1588,28.58,12.9,17.85,4.535,27.09,38.97,61.59
1589,28.58,12.9,17.85,4.535,27.09,38.97,61.59
1590,28.58,12.9,17.85,4.535,27.09,38.97,61.59
1591,28.58,12.9,17.85,4.535,27.09,38.97,61.59
1592,28.58,12.9,17.85,4.535,27.09,38.97,61.59
1593,28.58,12.9,17.85,4.535,27.09,38.97,61.59
1594,28.58,12.9,17.85,4.535,27.09,38.97,61.59
1595,28.58,12.9,17.85,4.535,27.09,38.97,61.59
1596,28.58,12.9,17.85,4.535,27.09,38.97,61.59
1597,28.58,12.9,17.85,4.535,27.09,38.97,61.59
1598,28.58,12.9,17.85,4.535,27.09,38.97,61.59
1599,28.58,12.9,17.85,4.535,27.09,38.97,61.59
1600,28.58,12.9,17.85,4.535,27.09,38.97,61.59
1601,28.58,12.9,17.85,4.535,27.09,38.97,61.59
1602,28.58,12.9,17.85,4.535,27.09,38.97,61.59
1603,28.58,12.9,17.85,4.535,27.09,38.97,61.59
1604,28.58,12.9,17.85,4.535,27.09,38.97,61.59
1605,28.58,12.9,17.85,4.535,27.09,38.97,61.59
1606,28.58,12.9,17.85,4.535,27.09,38.97,61.59
1607,28.58,12.9,17.85,4.535,27.09,38.97,61.59
1608,28.58,12.9,17.85,4.535,27.09,38.97,61.59
1609,28.58,12.9,17.85,4.535,27.09,38.97,61.59
1610,28.58,12.9,17.85,4.535,27.09,38.97,61.59
1611,28.58,12.9,17.85,4.535,27.09,38.97,61.59
1612,28.58,12.9,17.85,4.535,27.09,38.97,61.59
1613,28.58,12.9,17.85,4.535,27.09,38.97,61.59
1614,28.58,12.9,17.85,4.535,27.09,38.97,61.59
1615,28.58,12.9,17.85,4.535,27.09,38.97,61.59
1616,28.58,12.9,17.85,4.535,27.09,38.97,61.59
1617,28.58,12.9,17.85,4.535,27.09,38.97,61.59
1618,28.58,12.9,17.85,4.535,27.09,38.97,61.59
1619,28.58,12.9,17.85,4.535,27.09,38.97,61.59
1620,28.58,12.9,17.85,4.535,27.09,38.97,61.59
1621,28.58,12.9,17.85,4.535,27.09,38.97,61.59
1622,28.58,12.9,17.85,4.535,27.09,38.97,61.59
1623,28.58,12.9,17.85,4.535,27.09,38.97,61.59
1624,28.58,12.9,17.85,4.535,27.09,38.97,61.59
1625,28.58,12.9,17.85,4.535,27.09,38.97,61.59
1626,28.58,12.9,17.85,4.535,27.09,38.97,61.59
1627,28.58,12.9,17.85,4.535,27.09,38.97,61.59
1628,28.58,12.9,17.85,4.535,27.09,38.97,61.59
1629,28.58,12.9,17.85,4.535,27.09,38.97,61.59
1630,28.58,12.9,17.85,4.535,27.09,38.97,61.59
1631,28.58,12.9,17.85,4.535,27.09,38.97,61.59
1632,28.58,12.9,17.85,4.535,27.09,38.97,61.59
1633,28.58,12.9,17.85,4.535,27.09,38.97,61.59
1634,28.58,12.9,17.85,4.535,27.09,38.97,61.59
1635,28.58,12.9,17.85,4.535,27.09,38.97,61.59
1636,28.58,12.9,17.85,4.535,27.09,38.97,61.59
1637,28.58,12.9,17.85,4.535,27.09,38.97,61.59
1638,28.58,12.9,17.85,4.535,27.09,38.97,61.59
1639,28.58,12.9,17.85,4.535,27.09,38.97,61.59
1640,28.58,12.9,17.85,4.535,27.09,38.97,61.59
1641,28.58,12.9,17.85,4.535,27.09,38.97,61.59
1642,28.58,12.9,17.85,4.535,27.09,38.97,61.59
1643,28.58,12.9,17.85,4.535,27.09,38.97,61.59
1644,28.58,12.9,17.85,4.535,27.09,38.97,61.59
1645,28.58,12.9,17.85,4.535,27.09,38.97,61.59
1646,28.58,12.9,17.85,4.535,27.09,38.97,61.59
1647,28.58,12.9,17.85,4.535,27.09,38.97,61.59
1648,28.58,12.9,17.85,4.535,27.09,38.97,61.59
1649,28.58,12.9,17.85,4.535,27.09,38.97,61.59
1650,28.58,12.9,17.85,4.535,27.09,38.97,61.59
1651,28.58,12.9,17.85,4.535,27.09,38.97,61.59
1652,28.58,12.9,17.85,4.535,27.09,38.97,61.59
1653,28.58,12.9,17.85,4.535,27.09,38.97,61.59
1654,28.58,12.9,17.85,4.535,27.09,38.97,61.59
1655,28.58,12.9,17.85,4.535,27.09,38.97,61.59
1656,28.58,12.9,17.85,4.535,27.09,38.97,61.59
1657,28.58,12.9,17.85,4.535,27.09,38.97,61.59
1658,28.58,12.9,17.85,4.535,27.09,38.97,61.59
1659,28.58,12.9,17.85,4.535,27.09,38.97,61.59
1660,28.58,12.9,17.85,4.535,27.09,38.97,61.59
1661,28.58,12.9,17.85,4.535,27.09,38.97,61.59
1662,28.58,12.9,17.85,4.535,27.09,38.97,61.59
1663,28.58,12.9,17.85,4.535,27.09,38.97,61.59
1664,28.58,12.9,17.85,4.535,27.09,38.97,61.59
1665,28.58,12.9,17.85,4.535,27.09,38.97,61.59
1666,28.58,12.9,17.85,4.535,27.09,38.97,61.59
1667,28.58,12.9,17.85,4.535,27.09,38.97,61.59
1668,28.58,12.9,17.85,4.535,27.09,38.97,61.59
1669,28.58,12.9,17.85,4.535,27.09,38.97,61.59
1670,28.58,12.9,17.85,4.535,27.09,38.97,61.59
1671,28.58,12.9,17.85,4.535,27.09,38.97,61.59
1672,28.58,12.9,17.85,4.535,27.09,38.97,61.59
1673,28.58,12.9,17.85,4.535,27.09,38.97,61.59
1674,28.58,12.9,17.85,4.535,27.09,38.97,61.59
1675,28.58,12.9,17.85,4.535,27.09,38.97,61.59
1676,28.58,12.9,17.85,4.535,27.09,38.97,61.59
1677,28.58,12.9,17.85,4.535,27.09,38.97,61.59
1678,28.58,12.9,17.85,4.535,27.09,38.97,61.59
1679,28.58,12.9,17.85,4.535,27.09,38.97,61.59
1680,28.58,12.9,17.85,4.535,27.09,38.97,61.59
1681,28.58,12.9,17.85,4.535,27.09,38.97,61.59
1682,28.58,12.9,17.85,4.535,27.09,38.97,61.59
1683,28.58,12.9,17.85,4.535,27.09,38.97,61.59
1684,28.58,12.9,17.85,4.535,27.09,38.97,61.59
1685,28.58,12.9,17.85,4.535,27.09,38.97,61.59
1686,28.58,12.9,17.85,4.535,27.09,38.97,61.59
1687,28.58,12.9,17.85,4.535,27.09,38.97,61.59
1688,28.58,12.9,17.85,4.535,27.09,38.97,61.59
1689,28.58,12.9,17.85,4.535,27.09,38.97,61.59
1690,28.58,12.9,17.85,4.535,27.09,38.97,61.59
1691,28.58,12.9,17.85,4.535,27.09,38.97,61.59
1692,28.58,12.9,17.85,4.535,27.09,38.97,61.59
1693,28.58,12.9,17.85,4.535,27.09,38.97,61.59
1694,28.58,12.9,17.85,4.535,27.09,38.97,61.59
1695,28.58,12.9,17.85,4.535,27.09,38.97,61.59
1696,28.58,12.9,17.85,4.535,27.09,38.97,61.59
1697,28.58,12.9,17.85,4.535,27.09,38.97,61.59
1698,28.58,12.9,17.85,4.535,27.09,38.97,61.59
1699,28.58,12.9,17.85,4.535,27.09,38.97,61.59
1700,28.58,12.9,17.85,4.535,27.09,38.97,61.59
1701,28.58,12.9,17.85,4.535,27.09,38.97,61.59
1702,28.58,12.9,17.85,4.535,27.09,38.97,61.59
1703,28.58,12.9,17.85,4.535,27.09,38.97,61.59
1704,28.58,12.9,17.85,4.535,27.09,38.97,61.59
1705,28.58,12.9,17.85,4.535,27.09,38.97,61.59
1706,28.58,12.9,17.85,4.535,27.09,38.97,61.59
1707,28.58,12.9,17.85,4.535,27.09,38.97,61.59
1708,28.58,12.9,17.85,4.535,27.09,38.97,61.59
1709,28.58,12.9,17.85,4.535,27.09,38.97,61.59
1710,28.58,12.9,17.85,4.535,27.09,38.97,61.59
1711,28.58,12.9,17.85,4.535,27.09,38.97,61.59
1712,28.58,12.9,17.85,4.535,27.09,38.97,61.59
1713,28.58,12.9,17.85,4.535,27.09,38.97,61.59
1714,28.58,12.9,17.85,4.535,27.09,38.97,61.59
1715,28.58,12.9,17.85,4.535,27.09,38.97,61.59
1716,28.58,12.9,17.85,4.535,27.09,38.97,61.59
1717,28.58,12.9,17.85,4.535,27.09,38.97,61.59
1718,28.58,12.9,17.85,4.535,27.09,38.97,61.59
1719,28.58,12.9,17.85,4.535,27.09,38.97,61.59
1720,28.58,12.9,17.85,4.535,27.09,38.97,61.59
1721,28.58,12.9,17.85,4.535,27.09,38.97,61.59
1722,28.58,12.9,17.85,4.535,27.09,38.97,61.59
1723,28.58,12.9,17.85,4.535,27.09,38.97,61.59
1724,28.58,12.9,17.85,4.535,27.09,38.97,61.59
1725,28.58,12.9,17.85,4.535,27.09,38.97,61.59
1726,28.58,12.9,17.85,4.535,27.09,38.97,61.59
1727,28.58,12.9,17.85,4.535,27.09,38.97,61.59
1728,28.58,12.9,17.85,4.535,27.09,38.97,61.59
1729,28.58,12.9,17.85,4.535,27.09,38.97,61.59
1730,28.58,12.9,17.85,4.535,27.09,38.97,61.59
1731,28.58,12.9,17.85,4.535,27.09,38.97,61.59
1732,28.58,12.9,17.85,4.535,27.09,38.97,61.59
1733,28.58,12.9,17.85,4.535,27.09,38.97,61.59
1734,28.58,12.9,17.85,4.535,27.09,38.97,61.59
1735,28.58,12.9,17.85,4.535,27.09,38.97,61.59
1736,28.58,12.9,17.85,4.535,27.09,38.97,61.59
1737,28.58,12.9,17.85,4.535,27.09,38.97,61.59
1738,28.58,12.9,17.85,4.535,27.09,38.97,61.59
1739,28.58,12.9,17.85,4.535,27.09,38.97,61.59
1740,28.58,12.9,17.85,4.535,27.09,38.97,61.59
1741,28.58,12.9,17.85,4.535,27.09,38.97,61.59
1742,28.58,12.9,17.85,4.535,27.09,38.97,61.59
1743,28.58,12.9,17.85,4.535,27.09,38.97,61.59
1744,28.58,12.9,17.85,4.535,27.09,38.97,61.59
1745,28.58,12.9,17.85,4.535,27.09,38.97,61.59
1746,28.58,12.9,17.85,4.535,27.09,38.97,61.59
1747,28.58,12.9,17.85,4.535,27.09,38.97,61.59
1748,28.58,12.9,17.85,4.535,27.09,38.97,61.59
1749,28.58,12.9,17.85,4.535,27.09,38.97,61.59
1750,28.58,12.9,17.85,4.535,27.09,38.97,61.59
1751,28.58,12.9,17.85,4.535,27.09,38.97,61.59
1752,28.58,12.9,17.85,4.535,27.09,38.97,61.59
1753,28.58,12.9,17.85,4.535,27.09,38.97,61.59
1754,28.58,12.9,17.85,4.535,27.09,38.97,61.59
1755,28.58,12.9,17.85,4.535,27.09,38.97,61.59
1756,28.58,12.9,17.85,4.535,27.09,38.97,61.59
1757,28.58,12.9,17.85,4.535,27.09,38.97,61.59
1758,28.58,12.9,17.85,4.535,27.09,38.97,61.59
1759,28.58,12.9,17.85,4.535,27.09,38.97,61.59
1760,28.58,12.9,17.85,4.535,27.09,38.97,61.59
1761,28.58,12.9,17.85,4.535,27.09,38.97,61.59
1762,28.58,12.9,17.85,4.535,27.09,38.97,61.59
1763,28.58,12.9,17.85,4.535,27.09,38.97,61.59
1764,28.58,12.9,17.85,4.535,27.09,38.97,61.59
1765,28.58,12.9,17.85,4.535,27.09,38.97,61.59
1766,28.58,12.9,17.85,4.535,27.09,38.97,61.59
1767,28.58,12.9,17.85,4.535,27.09,38.97,61.59
1768,28.58,12.9,17.85,4.535,27.09,38.97,61.59
1769,28.58,12.9,17.85,4.535,27.09,38.97,61.59
1770,28.58,12.9,17.85,4.535,27.09,38.97,61.59
1771,28.58,12.9,17.85,4.535,27.09,38.97,61.59
1772,28.58,12.9,17.85,4.535,27.09,38.97,61.59
1773,28.58,12.9,17.85,4.535,27.09,38.97,61.59
1774,28.58,12.9,17.85,4.535,27.09,38.97,61.59
1775,28.58,12.9,17.85,4.535,27.09,38.97,61.59
1776,28.58,12.9,17.85,4.535,27.09,38.97,61.59
1777,28.58,12.9,17.85,4.535,27.09,38.97,61.59
1778,28.58,12.9,17.85,4.535,27.09,38.97,61.59
1779,28.58,12.9,17.85,4.535,27.09,38.97,61.59
1780,28.58,12.9,17.85,4.535,27.09,38.97,61.59
1781,28.58,12.9,17.85,4.535,27.09,38.97,61.59
1782,28.58,12.9,17.85,4.535,27.09,38.97,61.59
1783,28.58,12.9,17.85,4.535,27.09,38.97,61.59
1784,28.58,12.9,17.85,4.535,27.09,38.97,61.59
1785,28.58,12.9,17.85,4.535,27.09,38.97,61.59
1786,28.58,12.9,17.85,4.535,27.09,38.97,61.59
1787,28.58,12.9,17.85,4.535,27.09,38.97,61.59
1788,28.58,12.9,17.85,4.535,27.09,38.97,61.59
1789,28.58,12.9,17.85,4.535,27.09,38.97,61.59
1790,28.58,12.9,17.85,4.535,27.09,38.97,61.59
1791,28.58,12.9,17.85,4.535,27.09,38.97,61.59
1792,28.58,12.9,17.85,4.535,27.09,38.97,61.59
1793,28.58,12.9,17.85,4.535,27.09,38.97,61.59
1794,28.58,12.9,17.85,4.535,27.09,38.97,61.59
1795,28.58,12.9,17.85,4.535,27.09,38.97,61.59
1796,28.58,12.9,17.85,4.535,27.09,38.97,61.59
1797,28.58,12.9,17.85,4.535,27.09,38.97,61.59
1798,28.58,12.9,17.85,4.535,27.09,38.97,61.59
1799,28.58,12.9,17.85,4.535,27.09,38.97,61.59
1800,28.58,12.9,17.85,4.535,27.09,38.97,61.59
1801,28.58,12.9,17.85,4.535,27.09,38.97,61.59
1802,28.58,12.9,17.85,4.535,27.09,38.97,61.59
1803,28.58,12.9,17.85,4.535,27.09,38.97,61.59
1804,28.58,12.9,17.85,4.535,27.09,38.97,61.59
1805,28.58,12.9,17.85,4.535,27.09,38.97,61.59
1806,28.58,12.9,17.85,4.535,27.09,38.97,61.59
1807,28.58,12.9,17.85,4.535,27.09,38.97,61.59
1808,28.58,12.9,17.85,4.535,27.09,38.97,61.59
1809,28.58,12.9,17.85,4.535,27.09,38.97,61.59
1810,28.58,12.9,17.85,4.535,27.09,38.97,61.59
1811,28.58,12.9,17.85,4.535,27.09,38.97,61.59
1812,28.58,12.9,17.85,4.535,27.09,38.97,61.59
1813,28.58,12.9,17.85,4.535,27.09,38.97,61.59
1814,28.58,12.9,17.85,4.535,27.09,38.97,61.59
1815,28.58,12.9,17.85,4.535,27.09,38.97,61.59
1816,28.58,12.9,17.85,4.535,27.09,38.97,61.59
1817,28.58,12.9,17.85,4.535,27.09,38.97,61.59
1818,28.58,12.9,17.85,4.535,27.09,38.97,61.59
1819,28.58,12.9,17.85,4.535,27.09,38.97,61.59
1820,28.58,12.9,17.85,4.535,27.09,38.97,61.59
1821,28.58,12.9,17.85,4.535,27.09,38.97,61.59
1822,28.58,12.9,17.85,4.535,27.09,38.97,61.59
1823,28.58,12.9,17.85,4.535,27.09,38.97,61.59
1824,28.58,12.9,17.85,4.535,27.09,38.97,61.59
1825,28.58,12.9,17.85,4.535,27.09,38.97,61.59
1826,28.58,12.9,17.85,4.535,27.09,38.97,61.59
1827,28.58,12.9,17.85,4.535,27.09,38.97,61.59
1828,28.58,12.9,17.85,4.535,27.09,38.97,61.59
1829,28.58,12.9,17.85,4.535,27.09,38.97,61.59
1830,28.58,12.9,17.85,4.535,27.09,38.97,61.59
1831,28.58,12.9,17.85,4.535,27.09,38.97,61.59
1832,28.58,12.9,17.85,4.535,27.09,38.97,61.59
1833,28.58,12.9,17.85,4.535,27.09,38.97,61.59
1834,28.58,12.9,17.85,4.535,27.09,38.97,61.59
1835,28.58,12.9,17.85,4.535,27.09,38.97,61.59
1836,28.58,12.9,17.85,4.535,27.09,38.97,61.59
1837,28.58,12.9,17.85,4.535,27.09,38.97,61.59
1838,28.58,12.9,17.85,4.535,27.09,38.97,61.59
1839,28.58,12.9,17.85,4.535,27.09,38.97,61.59
1840,28.58,12.9,17.85,4.535,27.09,38.97,61.59
1841,28.58,12.9,17.85,4.535,27.09,38.97,61.59
1842,28.58,12.9,17.85,4.535,27.09,38.97,61.59
1843,28.58,12.9,17.85,4.535,27.09,38.97,61.59
1844,28.58,12.9,17.85,4.535,27.09,38.97,61.59
1845,28.58,12.9,17.85,4.535,27.09,38.97,61.59
1846,28.58,12.9,17.85,4.535,27.09,38.97,61.59
1847,28.58,12.9,17.85,4.535,27.09,38.97,61.59
1848,28.58,12.9,17.85,4.535,27.09,38.97,61.59
1849,28.58,12.9,17.85,4.535,27.09,38.97,61.59
1850,28.58,12.9,17.85,4.535,27.09,38.97,61.59
1851,28.58,12.9,17.85,4.535,27.09,38.97,61.59
1852,28.58,12.9,17.85,4.535,27.09,38.97,61.59
1853,28.58,12.9,17.85,4.535,27.09,38.97,61.59
1854,28.58,12.9,17.85,4.535,27.09,38.97,61.59
1855,28.58,12.9,17.85,4.535,27.09,38.97,61.59
1856,28.58,12.9,17.85,4.535,27.09,38.97,61.59
1857,28.58,12.9,17.85,4.535,27.09,38.97,61.59
1858,28.58,12.9,17.85,4.535,27.09,38.97,61.59
1859,28.58,12.9,17.85,4.535,27.09,38.97,61.59
1860,28.58,12.9,17.85,4.535,27.09,38.97,61.59
1861,28.58,12.9,17.85,4.535,27.09,38.97,61.59
1862,28.58,12.9,17.85,4.535,27.09,38.97,61.59
1863,28.58,12.9,17.85,4.535,27.09,38.97,61.59
1864,28.58,12.9,17.85,4.535,27.09,38.97,61.59
1865,28.58,12.9,17.85,4.535,27.09,38.97,61.59
1866,28.58,12.9,17.85,4.535,27.09,38.97,61.59
1867,28.58,12.9,17.85,4.535,27.09,38.97,61.59
1868,28.58,12.9,17.85,4.535,27.09,38.97,61.59
1869,28.58,12.9,17.85,4.535,27.09,38.97,61.59
1870,28.58,12.9,17.85,4.535,27.09,38.97,61.59
1871,28.58,12.9,17.85,4.535,27.09,38.97,61.59
1872,28.58,12.9,17.85,4.535,27.09,38.97,61.59
1873,28.58,12.9,17.85,4.535,27.09,38.97,61.59
1874,28.58,12.9,17.85,4.535,27.09,38.97,61.59
1875,28.58,12.9,17.85,4.535,27.09,38.97,61.59
1876,28.58,12.9,17.85,4.535,27.09,38.97,61.59
1877,28.58,12.9,17.85,4.535,27.09,38.97,61.59
1878,28.58,12.9,17.85,4.535,27.09,38.97,61.59
1879,28.58,12.9,17.85,4.535,27.09,38.97,61.59
1880,28.58,12.9,17.85,4.535,27.09,38.97,61.59
1881,28.58,12.9,17.85,4.535,27.09,38.97,61.59
1882,28.58,12.9,17.85,4.535,27.09,38.97,61.59
1883,28.58,12.9,17.85,4.535,27.09,38.97,61.59
1884,28.58,12.9,17.85,4.535,27.09,38.97,61.59
1885,28.58,12.9,17.85,4.535,27.09,38.97,61.59
1886,28.58,12.9,17.85,4.535,27.09,38.97,61.59
1887,28.58,12.9,17.85,4.535,27.09,38.97,61.59
1888,28.58,12.9,17.85,4.535,27.09,38.97,61.59
1889,28.58,12.9,17.85,4.535,27.09,38.97,61.59
1890,28.58,12.9,17.85,4.535,27.09,38.97,61.59
1891,28.58,12.9,17.85,4.535,27.09,38.97,61.59
1892,28.58,12.9,17.85,4.535,27.09,38.97,61.59
1893,28.58,12.9,17.85,4.535,27.09,38.97,61.59
1894,28.58,12.9,17.85,4.535,27.09,38.97,61.59
1895,28.58,12.9,17.85,4.535,27.09,38.97,61.59
1896,28.58,12.9,17.85,4.535,27.09,38.97,61.59
1897,28.58,12.9,17.85,4.535,27.09,38.97,61.59
1898,28.58,12.9,17.85,4.535,27.09,38.97,61.59
1899,28.58,12.9,17.85,4.535,27.09,38.97,61.59
1900,28.58,12.9,17.85,4.535,27.09,38.97,61.59
1901,28.58,12.9,17.85,4.535,27.09,38.97,61.59
1902,28.58,12.9,17.85,4.535,27.09,38.97,61.59
1903,28.58,12.9,17.85,4.535,27.09,38.97,61.59
1904,28.58,12.9,17.85,4.535,27.09,38.97,61.59
1905,28.58,12.9,17.85,4.535,27.09,38.97,61.59
1906,28.58,12.9,17.85,4.535,27.09,38.97,61.59
1907,28.58,12.9,17.85,4.535,27.09,38.97,61.59
1908,28.58,12.9,17.85,4.535,27.09,38.97,61.59
1909,28.58,12.9,17.85,4.535,27.09,38.97,61.59
1910,28.58,12.9,17.85,4.535,27.09,38.97,61.59
1911,28.58,12.9,17.85,4.535,27.09,38.97,61.59
1912,28.58,12.9,17.85,4.535,27.09,38.97,61.59
1913,28.58,12.9,17.85,4.535,27.09,38.97,61.59
1914,28.58,12.9,17.85,4.535,27.09,38.97,61.59
1915,28.58,12.9,17.85,4.535,27.09,38.97,61.59
1916,28.58,12.9,17.85,4.535,27.09,38.97,61.59
1917,28.58,12.9,17.85,4.535,27.09,38.97,61.59
1918,28.58,12.9,17.85,4.535,27.09,38.97,61.59
1919,28.58,12.9,17.85,4.535,27.09,38.97,61.59
1920,28.58,12.9,17.85,4.535,27.09,38.97,61.59
1921,28.58,12.9,17.85,4.535,27.09,38.97,61.59
1922,28.58,12.9,17.85,4.535,27.09,38.97,61.59
1923,28.58,12.9,17.85,4.535,27.09,38.97,61.59
1924,28.58,12.9,17.85,4.535,27.09,38.97,61.59
1925,28.58,12.9,17.85,4.535,27.09,38.97,61.59
1926,28.58,12.9,17.85,4.535,27.09,38.97,61.59
1927,28.58,12.9,17.85,4.535,27.09,38.97,61.59
1928,28.58,12.9,17.85,4.535,27.09,38.97,61.59
1929,28.58,12.9,17.85,4.535,27.09,38.97,61.59
1930,28.58,12.9,17.85,4.535,27.09,38.97,61.59
1931,28.58,12.9,17.85,4.535,27.09,38.97,61.59
1932,28.58,12.9,17.85,4.535,27.09,38.97,61.59
1933,28.58,12.9,17.85,4.535,27.09,38.97,61.59
1934,28.58,12.9,17.85,4.535,27.09,38.97,61.59
1935,28.58,12.9,17.85,4.535,27.09,38.97,61.59
1936,28.58,12.9,17.85,4.535,27.09,38.97,61.59
1937,28.58,12.9,17.85,4.535,27.09,38.97,61.59
1938,28.58,12.9,17.85,4.535,27.09,38.97,61.59
1939,28.58,12.9,17.85,4.535,27.09,38.97,61.59
1940,28.58,12.9,17.85,4.535,27.09,38.97,61.59
1941,28.58,12.9,17.85,4.535,27.09,38.97,61.59
1942,28.58,12.9,17.85,4.535,27.09,38.97,61.59
1943,28.58,12.9,17.85,4.535,27.09,38.97,61.59
1944,28.58,12.9,17.85,4.535,27.09,38.97,61.59
1945,28.58,12.9,17.85,4.535,27.09,38.97,61.59
1946,28.58,12.9,17.85,4.535,27.09,38.97,61.59
1947,28.58,12.9,17.85,4.535,27.09,38.97,61.59
1948,28.58,12.9,17.85,4.535,27.09,38.97,61.59
1949,28.58,12.9,17.85,4.535,27.09,38.97,61.59
1950,28.58,12.9,17.85,4.535,27.09,38.97,61.59
1951,28.58,12.9,17.85,4.535,27.09,38.97,61.59
1952,28.58,12.9,17.85,4.535,27.09,38.97,61.59
1953,28.58,12.9,17.85,4.535,27.09,38.97,61.59
1954,28.58,12.9,17.85,4.535,27.09,38.97,61.59
1955,28.58,12.9,17.85,4.535,27.09,38.97,61.59
1956,28.58,12.9,17.85,4.535,27.09,38.97,61.59
1957,28.58,12.9,17.85,4.535,27.09,38.97,61.59
1958,28.58,12.9,17.85,4.535,27.09,38.97,61.59
1959,28.58,12.9,17.85,4.535,27.09,38.97,61.59
1960,28.58,12.9,17.85,4.535,27.09,38.97,61.59
1961,28.58,12.9,17.85,4.535,27.09,38.97,61.59
1962,28.58,12.9,17.85,4.535,27.09,38.97,61.59
1963,28.58,12.9,17.85,4.535,27.09,38.97,61.59
1964,28.58,12.9,17.85,4.535,27.09,38.97,61.59
1965,28.58,12.9,17.85,4.535,27.09,38.97,61.59
1966,28.58,12.9,17.85,4.535,27.09,38.97,61.59
1967,28.58,12.9,17.85,4.535,27.09,38.97,61.59
1968,28.58,12.9,17.85,4.535,27.09,38.97,61.59
1969,28.58,12.9,17.85,4.535,27.09,38.97,61.59
1970,28.58,12.9,17.85,4.535,27.09,38.97,61.59
1971,28.58,12.9,17.85,4.535,27.09,38.97,61.59
1972,28.58,12.9,17.85,4.535,27.09,38.97,61.59
1973,28.58,12.9,17.85,4.535,27.09,38.97,61.59
1974,28.58,12.9,17.85,4.535,27.09,38.97,61.59
1975,28.58,12.9,17.85,4.535,27.09,38.97,61.59
1976,28.58,12.9,17.85,4.535,27.09,38.97,61.59
1977,28.58,12.9,17.85,4.535,27.09,38.97,61.59
1978,28.58,12.9,17.85,4.535,27.09,38.97,61.59
1979,28.58,12.9,17.85,4.535,27.09,38.97,61.59
1980,28.58,12.9,17.85,4.535,27.09,38.97,61.59
1981,28.58,12.9,17.85,4.535,27.09,38.97,61.59
1982,28.58,12.9,17.85,4.535,27.09,38.97,61.59
1983,28.58,12.9,17.85,4.535,27.09,38.97,61.59
1984,28.58,12.9,17.85,4.535,27.09,38.97,61.59
1985,28.58,12.9,17.85,4.535,27.09,38.97,61.59
1986,28.58,12.9,17.85,4.535,27.09,38.97,61.59
1987,28.58,12.9,17.85,4.535,27.09,38.97,61.59
1988,28.58,12.9,17.85,4.535,27.09,38.97,61.59
1989,28.58,12.9,17.85,4.535,27.09,38.97,61.59
1990,28.58,12.9,17.85,4.535,27.09,38.97,61.59
1991,28.58,12.9,17.85,4.535,27.09,38.97,61.59
1992,28.58,12.9,17.85,4.535,27.09,38.97,61.59
1993,28.58,12.9,17.85,4.535,27.09,38.97,61.59
1994,28.58,12.9,17.85,4.535,27.09,38.97,61.59
1995,28.58,12.9,17.85,4.535,27.09,38.97,61.59
1996,28.58,12.9,17.85,4.535,27.09,38.97,61.59
1997,28.58,12.9,17.85,4.535,27.09,38.97,61.59
1998,28.58,12.9,17.85,4.535,27.09,38.97,61.59
1999,28.58,12.9,17.85,4.535,27.09,38.97,61.59
2000,28.58,12.9,17.85,4.535,27.09,38.97,61.59
2001,28.58,12.9,17.85,4.535,27.09,38.97,61.59
2002,28.58,12.9,17.85,4.535,27.09,38.97,61.59
2003,28.58,12.9,17.85,4.535,27.09,38.97,61.59
2004,28.58,12.9,17.85,4.535,27.09,38.97,61.59
2005,28.58,12.9,17.85,4.535,27.09,38.97,61.59
2006,28.58,12.9,17.85,4.535,27.09,38.97,61.59
2007,28.58,12.9,17.85,4.535,27.09,38.97,61.59
2008,28.58,12.9,17.85,4.535,27.09,38.97,61.59
2009,28.58,12.9,17.85,4.535,27.09,38.97,61.59
2010,28.58,12.9,17.85,4.535,27.09,38.97,61.59
2011,28.58,12.9,17.85,4.535,27.09,38.97,61.59
2012,28.58,12.9,17.85,4.535,27.09,38.97,61.59
2013,28.58,12.9,17.85,4.535,27.09,38.97,61.59
2014,28.58,12.9,17.85,4.535,27.09,38.97,61.59
2015,28.58,12.9,17.85,4.535,27.09,38.97,61.59
2016,28.58,12.9,17.85,4.535,27.09,38.97,61.59
