Type,id,location,transforms--timedata,transforms--constraints--BalanceConstraint,transforms--diesel_production,transforms--electricity_consumption,transforms--capture_rate,transforms--co2_content,transforms--emission_rate,edges--biomass_edge--commodity,edges--biomass_edge--unidirectional,edges--biomass_edge--has_capacity,edges--biomass_edge--can_expand,edges--biomass_edge--lifetime,edges--biomass_edge--wacc,edges--biomass_edge--can_retire,edges--biomass_edge--integer_decisions,edges--biomass_edge--constraints--CapacityConstraint,edges--biomass_edge--start_vertex,edges--biomass_edge--capacity_size,edges--biomass_edge--investment_cost,edges--biomass_edge--fixed_om_cost,edges--biomass_edge--variable_om_cost,edges--biomass_edge--existing_capacity,edges--biomass_edge--availability--timeseries--path,edges--biomass_edge--availability--timeseries--header,edges--diesel_edge--commodity,edges--diesel_edge--unidirectional,edges--diesel_edge--has_capacity,edges--diesel_edge--end_vertex,edges--elec_edge--commodity,edges--elec_edge--unidirectional,edges--elec_edge--has_capacity,edges--elec_edge--start_vertex,edges--co2_edge--commodity,edges--co2_edge--unidirectional,edges--co2_edge--has_capacity,edges--co2_edge--start_vertex,edges--co2_emission_edge--commodity,edges--co2_emission_edge--unidirectional,edges--co2_emission_edge--has_capacity,edges--co2_emission_edge--end_vertex,edges--co2_captured_edge--commodity,edges--co2_captured_edge--unidirectional,edges--co2_captured_edge--has_capacity,edges--co2_captured_edge--end_vertex
BECCSDiesel,BR_AC_Soybean_Biodiesel_large,BR_AC,Biomass,True,1.8,0,0,1.613,1.285,Soybean,True,True,True,30,0.1,True,False,True,soybean_BR_AC,791.73,658.38,26.34,28.44,0.0,system/availability_monthly.csv,Availability_One,Diesel,True,False,biodiesel_BR,Electricity,True,False,elec_N,CO2,True,False,co2_emitted_BR,CO2,True,False,co2_emitted_BR,CO2Captured,True,False,co2_captured_BR_AC
BECCSDiesel,BR_AL_Soybean_Biodiesel_large,BR_AL,Biomass,True,1.8,0,0,1.613,1.285,Soybean,True,True,True,30,0.1,True,False,True,soybean_BR_AL,791.73,658.38,26.34,28.44,0.0,system/availability_monthly.csv,Availability_One,Diesel,True,False,biodiesel_BR,Electricity,True,False,elec_NE,CO2,True,False,co2_emitted_BR,CO2,True,False,co2_emitted_BR,CO2Captured,True,False,co2_captured_BR_AL
BECCSDiesel,BR_AP_Soybean_Biodiesel_large,BR_AM,Biomass,True,1.8,0,0,1.613,1.285,Soybean,True,True,True,30,0.1,True,False,True,soybean_BR_AP,791.73,658.38,26.34,28.44,0.0,system/availability_monthly.csv,Availability_One,Diesel,True,False,biodiesel_BR,Electricity,True,False,elec_N,CO2,True,False,co2_emitted_BR,CO2,True,False,co2_emitted_BR,CO2Captured,True,False,co2_captured_BR_AP
BECCSDiesel,BR_AM_Soybean_Biodiesel_large,BR_AP,Biomass,True,1.8,0,0,1.613,1.285,Soybean,True,True,True,30,0.1,True,False,True,soybean_BR_AM,791.73,658.38,26.34,28.44,0.0,system/availability_monthly.csv,Availability_One,Diesel,True,False,biodiesel_BR,Electricity,True,False,elec_N,CO2,True,False,co2_emitted_BR,CO2,True,False,co2_emitted_BR,CO2Captured,True,False,co2_captured_BR_AM
BECCSDiesel,BR_BA_Soybean_Biodiesel_large,BR_BA,Biomass,True,1.8,0,0,1.613,1.285,Soybean,True,True,True,30,0.1,True,False,True,soybean_BR_BA,791.73,658.38,26.34,28.44,713286.0,system/availability_monthly.csv,Availability_One,Diesel,True,False,biodiesel_BR,Electricity,True,False,elec_NE,CO2,True,False,co2_emitted_BR,CO2,True,False,co2_emitted_BR,CO2Captured,True,False,co2_captured_BR_BA
BECCSDiesel,BR_CE_Soybean_Biodiesel_large,BR_CE,Biomass,True,1.8,0,0,1.613,1.285,Soybean,True,True,True,30,0.1,True,False,True,soybean_BR_CE,791.73,658.38,26.34,28.44,0.0,system/availability_monthly.csv,Availability_One,Diesel,True,False,biodiesel_BR,Electricity,True,False,elec_NE,CO2,True,False,co2_emitted_BR,CO2,True,False,co2_emitted_BR,CO2Captured,True,False,co2_captured_BR_CE
BECCSDiesel,BR_DF_Soybean_Biodiesel_large,BR_DF,Biomass,True,1.8,0,0,1.613,1.285,Soybean,True,True,True,30,0.1,True,False,True,soybean_BR_DF,791.73,658.38,26.34,28.44,0.0,system/availability_monthly.csv,Availability_One,Diesel,True,False,biodiesel_BR,Electricity,True,False,elec_CW,CO2,True,False,co2_emitted_BR,CO2,True,False,co2_emitted_BR,CO2Captured,True,False,co2_captured_BR_DF
BECCSDiesel,BR_ES_Soybean_Biodiesel_large,BR_ES,Biomass,True,1.8,0,0,1.613,1.285,Soybean,True,True,True,30,0.1,True,False,True,soybean_BR_ES,791.73,658.38,26.34,28.44,0.0,system/availability_monthly.csv,Availability_One,Diesel,True,False,biodiesel_BR,Electricity,True,False,elec_SE,CO2,True,False,co2_emitted_BR,CO2,True,False,co2_emitted_BR,CO2Captured,True,False,co2_captured_BR_ES
BECCSDiesel,BR_GO_Soybean_Biodiesel_large,BR_GO,Biomass,True,1.8,0,0,1.613,1.285,Soybean,True,True,True,30,0.1,True,False,True,soybean_BR_GO,791.73,658.38,26.34,28.44,1405026.0,system/availability_monthly.csv,Availability_One,Diesel,True,False,biodiesel_BR,Electricity,True,False,elec_CW,CO2,True,False,co2_emitted_BR,CO2,True,False,co2_emitted_BR,CO2Captured,True,False,co2_captured_BR_GO
BECCSDiesel,BR_MA_Soybean_Biodiesel_large,BR_MA,Biomass,True,1.8,0,0,1.613,1.285,Soybean,True,True,True,30,0.1,True,False,True,soybean_BR_MA,791.73,658.38,26.34,28.44,0.0,system/availability_monthly.csv,Availability_One,Diesel,True,False,biodiesel_BR,Electricity,True,False,elec_NE,CO2,True,False,co2_emitted_BR,CO2,True,False,co2_emitted_BR,CO2Captured,True,False,co2_captured_BR_MA
BECCSDiesel,BR_MT_Soybean_Biodiesel_large,BR_MG,Biomass,True,1.8,0,0,1.613,1.285,Soybean,True,True,True,30,0.1,True,False,True,soybean_BR_MT,791.73,658.38,26.34,28.44,1870646.4,system/availability_monthly.csv,Availability_One,Diesel,True,False,biodiesel_BR,Electricity,True,False,elec_CW,CO2,True,False,co2_emitted_BR,CO2,True,False,co2_emitted_BR,CO2Captured,True,False,co2_captured_BR_MT
BECCSDiesel,BR_MS_Soybean_Biodiesel_large,BR_MS,Biomass,True,1.8,0,0,1.613,1.285,Soybean,True,True,True,30,0.1,True,False,True,soybean_BR_MS,791.73,658.38,26.34,28.44,445662.0,system/availability_monthly.csv,Availability_One,Diesel,True,False,biodiesel_BR,Electricity,True,False,elec_CW,CO2,True,False,co2_emitted_BR,CO2,True,False,co2_emitted_BR,CO2Captured,True,False,co2_captured_BR_MS
BECCSDiesel,BR_MG_Soybean_Biodiesel_large,BR_MT,Biomass,True,1.8,0,0,1.613,1.285,Soybean,True,True,True,30,0.1,True,False,True,soybean_BR_MG,791.73,658.38,26.34,28.44,123606.0,system/availability_monthly.csv,Availability_One,Diesel,True,False,biodiesel_BR,Electricity,True,False,elec_SE,CO2,True,False,co2_emitted_BR,CO2,True,False,co2_emitted_BR,CO2Captured,True,False,co2_captured_BR_MG
BECCSDiesel,BR_PA_Soybean_Biodiesel_large,BR_PA,Biomass,True,1.8,0,0,1.613,1.285,Soybean,True,True,True,30,0.1,True,False,True,soybean_BR_PA,791.73,658.38,26.34,28.44,238140.0,system/availability_monthly.csv,Availability_One,Diesel,True,False,biodiesel_BR,Electricity,True,False,elec_N,CO2,True,False,co2_emitted_BR,CO2,True,False,co2_emitted_BR,CO2Captured,True,False,co2_captured_BR_PA
BECCSDiesel,BR_PB_Soybean_Biodiesel_large,BR_PB,Biomass,True,1.8,0,0,1.613,1.285,Soybean,True,True,True,30,0.1,True,False,True,soybean_BR_PB,791.73,658.38,26.34,28.44,0.0,system/availability_monthly.csv,Availability_One,Diesel,True,False,biodiesel_BR,Electricity,True,False,elec_NE,CO2,True,False,co2_emitted_BR,CO2,True,False,co2_emitted_BR,CO2Captured,True,False,co2_captured_BR_PB
BECCSDiesel,BR_PR_Soybean_Biodiesel_large,BR_PE,Biomass,True,1.8,0,0,1.613,1.285,Soybean,True,True,True,30,0.1,True,False,True,soybean_BR_PR,791.73,658.38,26.34,28.44,1009940.4,system/availability_monthly.csv,Availability_One,Diesel,True,False,biodiesel_BR,Electricity,True,False,elec_S,CO2,True,False,co2_emitted_BR,CO2,True,False,co2_emitted_BR,CO2Captured,True,False,co2_captured_BR_PR
BECCSDiesel,BR_PE_Soybean_Biodiesel_large,BR_PI,Biomass,True,1.8,0,0,1.613,1.285,Soybean,True,True,True,30,0.1,True,False,True,soybean_BR_PE,791.73,658.38,26.34,28.44,0.0,system/availability_monthly.csv,Availability_One,Diesel,True,False,biodiesel_BR,Electricity,True,False,elec_NE,CO2,True,False,co2_emitted_BR,CO2,True,False,co2_emitted_BR,CO2Captured,True,False,co2_captured_BR_PE
BECCSDiesel,BR_PI_Soybean_Biodiesel_large,BR_PR,Biomass,True,1.8,0,0,1.613,1.285,Soybean,True,True,True,30,0.1,True,False,True,soybean_BR_PI,791.73,658.38,26.34,28.44,56700.0,system/availability_monthly.csv,Availability_One,Diesel,True,False,biodiesel_BR,Electricity,True,False,elec_NE,CO2,True,False,co2_emitted_BR,CO2,True,False,co2_emitted_BR,CO2Captured,True,False,co2_captured_BR_PI
BECCSDiesel,BR_RJ_Soybean_Biodiesel_large,BR_RJ,Biomass,True,1.8,0,0,1.613,1.285,Soybean,True,True,True,30,0.1,True,False,True,soybean_BR_RJ,791.73,658.38,26.34,28.44,139935.6,system/availability_monthly.csv,Availability_One,Diesel,True,False,biodiesel_BR,Electricity,True,False,elec_SE,CO2,True,False,co2_emitted_BR,CO2,True,False,co2_emitted_BR,CO2Captured,True,False,co2_captured_BR_RJ
BECCSDiesel,BR_RN_Soybean_Biodiesel_large,BR_RN,Biomass,True,1.8,0,0,1.613,1.285,Soybean,True,True,True,30,0.1,True,False,True,soybean_BR_RN,791.73,658.38,26.34,28.44,0.0,system/availability_monthly.csv,Availability_One,Diesel,True,False,biodiesel_BR,Electricity,True,False,elec_NE,CO2,True,False,co2_emitted_BR,CO2,True,False,co2_emitted_BR,CO2Captured,True,False,co2_captured_BR_RN
BECCSDiesel,BR_RS_Soybean_Biodiesel_large,BR_RO,Biomass,True,1.8,0,0,1.613,1.285,Soybean,True,True,True,30,0.1,True,False,True,soybean_BR_RS,791.73,658.38,26.34,28.44,2128064.4,system/availability_monthly.csv,Availability_One,Diesel,True,False,biodiesel_BR,Electricity,True,False,elec_S,CO2,True,False,co2_emitted_BR,CO2,True,False,co2_emitted_BR,CO2Captured,True,False,co2_captured_BR_RS
BECCSDiesel,BR_RO_Soybean_Biodiesel_large,BR_RR,Biomass,True,1.8,0,0,1.613,1.285,Soybean,True,True,True,30,0.1,True,False,True,soybean_BR_RO,791.73,658.38,26.34,28.44,156492.0,system/availability_monthly.csv,Availability_One,Diesel,True,False,biodiesel_BR,Electricity,True,False,elec_N,CO2,True,False,co2_emitted_BR,CO2,True,False,co2_emitted_BR,CO2Captured,True,False,co2_captured_BR_RO
BECCSDiesel,BR_RR_Soybean_Biodiesel_large,BR_RS,Biomass,True,1.8,0,0,1.613,1.285,Soybean,True,True,True,30,0.1,True,False,True,soybean_BR_RR,791.73,658.38,26.34,28.44,0.0,system/availability_monthly.csv,Availability_One,Diesel,True,False,biodiesel_BR,Electricity,True,False,elec_N,CO2,True,False,co2_emitted_BR,CO2,True,False,co2_emitted_BR,CO2Captured,True,False,co2_captured_BR_RR
BECCSDiesel,BR_SC_Soybean_Biodiesel_large,BR_SC,Biomass,True,1.8,0,0,1.613,1.285,Soybean,True,True,True,30,0.1,True,False,True,soybean_BR_SC,791.73,658.38,26.34,28.44,348138.0,system/availability_monthly.csv,Availability_One,Diesel,True,False,biodiesel_BR,Electricity,True,False,elec_S,CO2,True,False,co2_emitted_BR,CO2,True,False,co2_emitted_BR,CO2Captured,True,False,co2_captured_BR_SC
BECCSDiesel,BR_SP_Soybean_Biodiesel_large,BR_SE,Biomass,True,1.8,0,0,1.613,1.285,Soybean,True,True,True,30,0.1,True,False,True,soybean_BR_SP,791.73,658.38,26.34,28.44,297561.6,system/availability_monthly.csv,Availability_One,Diesel,True,False,biodiesel_BR,Electricity,True,False,elec_SE,CO2,True,False,co2_emitted_BR,CO2,True,False,co2_emitted_BR,CO2Captured,True,False,co2_captured_BR_SP
BECCSDiesel,BR_SE_Soybean_Biodiesel_large,BR_SP,Biomass,True,1.8,0,0,1.613,1.285,Soybean,True,True,True,30,0.1,True,False,True,soybean_BR_SE,791.73,658.38,26.34,28.44,0.0,system/availability_monthly.csv,Availability_One,Diesel,True,False,biodiesel_BR,Electricity,True,False,elec_NE,CO2,True,False,co2_emitted_BR,CO2,True,False,co2_emitted_BR,CO2Captured,True,False,co2_captured_BR_SE
BECCSDiesel,BR_TO_Soybean_Biodiesel_large,BR_TO,Biomass,True,1.8,0,0,1.613,1.285,Soybean,True,True,True,30,0.1,True,False,True,soybean_BR_TO,791.73,658.38,26.34,28.44,181440.0,system/availability_monthly.csv,Availability_One,Diesel,True,False,biodiesel_BR,Electricity,True,False,elec_N,CO2,True,False,co2_emitted_BR,CO2,True,False,co2_emitted_BR,CO2Captured,True,False,co2_captured_BR_TO
