Type,id,co2_sink,transforms--emission_rate,edges--fuel_edge--commodity,edges--fuel_edge--unidirectional,edges--fuel_edge--has_capacity,edges--fuel_edge--start_vertex,edges--fuel_demand_edge--commodity,edges--fuel_demand_edge--unidirectional,edges--fuel_demand_edge--has_capacity,edges--fuel_demand_edge--end_vertex,edges--co2_edge--commodity,edges--co2_edge--unidirectional,edges--co2_edge--has_capacity,edges--co2_edge--end_vertex
FuelsEndUse,BR_AC_Bagasse_notused,co2_sink,1.558,Bagasse,TRUE,FALSE,bagasse_BR_AC,Bagasse,TRUE,FALSE,bagasse_notused_BR,CO2,TRUE,FALSE,co2_sink
FuelsEndUse,BR_AL_Bagasse_notused,co2_sink,1.558,Bagasse,TRUE,FALSE,bagasse_BR_AL,Bagasse,TRUE,FALSE,bagasse_notused_BR,CO2,TRUE,FALSE,co2_sink
FuelsEndUse,BR_AP_Bagasse_notused,co2_sink,1.558,Bagasse,TRUE,FALSE,bagasse_BR_AP,Bagasse,TRUE,FALSE,bagasse_notused_BR,CO2,TRUE,FALSE,co2_sink
FuelsEndUse,BR_AM_Bagasse_notused,co2_sink,1.558,Bagasse,TRUE,FALSE,bagasse_BR_AM,Bagasse,TRUE,FALSE,bagasse_notused_BR,CO2,TRUE,FALSE,co2_sink
FuelsEndUse,BR_BA_Bagasse_notused,co2_sink,1.558,Bagasse,TRUE,FALSE,bagasse_BR_BA,Bagasse,TRUE,FALSE,bagasse_notused_BR,CO2,TRUE,FALSE,co2_sink
FuelsEndUse,BR_CE_Bagasse_notused,co2_sink,1.558,Bagasse,TRUE,FALSE,bagasse_BR_CE,Bagasse,TRUE,FALSE,bagasse_notused_BR,CO2,TRUE,FALSE,co2_sink
FuelsEndUse,BR_DF_Bagasse_notused,co2_sink,1.558,Bagasse,TRUE,FALSE,bagasse_BR_DF,Bagasse,TRUE,FALSE,bagasse_notused_BR,CO2,TRUE,FALSE,co2_sink
FuelsEndUse,BR_ES_Bagasse_notused,co2_sink,1.558,Bagasse,TRUE,FALSE,bagasse_BR_ES,Bagasse,TRUE,FALSE,bagasse_notused_BR,CO2,TRUE,FALSE,co2_sink
FuelsEndUse,BR_GO_Bagasse_notused,co2_sink,1.558,Bagasse,TRUE,FALSE,bagasse_BR_GO,Bagasse,TRUE,FALSE,bagasse_notused_BR,CO2,TRUE,FALSE,co2_sink
FuelsEndUse,BR_MA_Bagasse_notused,co2_sink,1.558,Bagasse,TRUE,FALSE,bagasse_BR_MA,Bagasse,TRUE,FALSE,bagasse_notused_BR,CO2,TRUE,FALSE,co2_sink
FuelsEndUse,BR_MT_Bagasse_notused,co2_sink,1.558,Bagasse,TRUE,FALSE,bagasse_BR_MT,Bagasse,TRUE,FALSE,bagasse_notused_BR,CO2,TRUE,FALSE,co2_sink
FuelsEndUse,BR_MS_Bagasse_notused,co2_sink,1.558,Bagasse,TRUE,FALSE,bagasse_BR_MS,Bagasse,TRUE,FALSE,bagasse_notused_BR,CO2,TRUE,FALSE,co2_sink
FuelsEndUse,BR_MG_Bagasse_notused,co2_sink,1.558,Bagasse,TRUE,FALSE,bagasse_BR_MG,Bagasse,TRUE,FALSE,bagasse_notused_BR,CO2,TRUE,FALSE,co2_sink
FuelsEndUse,BR_PA_Bagasse_notused,co2_sink,1.558,Bagasse,TRUE,FALSE,bagasse_BR_PA,Bagasse,TRUE,FALSE,bagasse_notused_BR,CO2,TRUE,FALSE,co2_sink
FuelsEndUse,BR_PB_Bagasse_notused,co2_sink,1.558,Bagasse,TRUE,FALSE,bagasse_BR_PB,Bagasse,TRUE,FALSE,bagasse_notused_BR,CO2,TRUE,FALSE,co2_sink
FuelsEndUse,BR_PR_Bagasse_notused,co2_sink,1.558,Bagasse,TRUE,FALSE,bagasse_BR_PR,Bagasse,TRUE,FALSE,bagasse_notused_BR,CO2,TRUE,FALSE,co2_sink
FuelsEndUse,BR_PE_Bagasse_notused,co2_sink,1.558,Bagasse,TRUE,FALSE,bagasse_BR_PE,Bagasse,TRUE,FALSE,bagasse_notused_BR,CO2,TRUE,FALSE,co2_sink
FuelsEndUse,BR_PI_Bagasse_notused,co2_sink,1.558,Bagasse,TRUE,FALSE,bagasse_BR_PI,Bagasse,TRUE,FALSE,bagasse_notused_BR,CO2,TRUE,FALSE,co2_sink
FuelsEndUse,BR_RJ_Bagasse_notused,co2_sink,1.558,Bagasse,TRUE,FALSE,bagasse_BR_RJ,Bagasse,TRUE,FALSE,bagasse_notused_BR,CO2,TRUE,FALSE,co2_sink
FuelsEndUse,BR_RN_Bagasse_notused,co2_sink,1.558,Bagasse,TRUE,FALSE,bagasse_BR_RN,Bagasse,TRUE,FALSE,bagasse_notused_BR,CO2,TRUE,FALSE,co2_sink
FuelsEndUse,BR_RS_Bagasse_notused,co2_sink,1.558,Bagasse,TRUE,FALSE,bagasse_BR_RS,Bagasse,TRUE,FALSE,bagasse_notused_BR,CO2,TRUE,FALSE,co2_sink
FuelsEndUse,BR_RO_Bagasse_notused,co2_sink,1.558,Bagasse,TRUE,FALSE,bagasse_BR_RO,Bagasse,TRUE,FALSE,bagasse_notused_BR,CO2,TRUE,FALSE,co2_sink
FuelsEndUse,BR_RR_Bagasse_notused,co2_sink,1.558,Bagasse,TRUE,FALSE,bagasse_BR_RR,Bagasse,TRUE,FALSE,bagasse_notused_BR,CO2,TRUE,FALSE,co2_sink
FuelsEndUse,BR_SC_Bagasse_notused,co2_sink,1.558,Bagasse,TRUE,FALSE,bagasse_BR_SC,Bagasse,TRUE,FALSE,bagasse_notused_BR,CO2,TRUE,FALSE,co2_sink
FuelsEndUse,BR_SP_Bagasse_notused,co2_sink,1.558,Bagasse,TRUE,FALSE,bagasse_BR_SP,Bagasse,TRUE,FALSE,bagasse_notused_BR,CO2,TRUE,FALSE,co2_sink
FuelsEndUse,BR_SE_Bagasse_notused,co2_sink,1.558,Bagasse,TRUE,FALSE,bagasse_BR_SE,Bagasse,TRUE,FALSE,bagasse_notused_BR,CO2,TRUE,FALSE,co2_sink
FuelsEndUse,BR_TO_Bagasse_notused,co2_sink,1.558,Bagasse,TRUE,FALSE,bagasse_BR_TO,Bagasse,TRUE,FALSE,bagasse_notused_BR,CO2,TRUE,FALSE,co2_sink
FuelsEndUse,BR_AC_Sugarcane_notused,co2_sink,0,Sugarcane,TRUE,FALSE,sugarcane_harvested_BR_AC,Sugarcane,TRUE,FALSE,sugarcane_notused_BR,CO2,TRUE,FALSE,co2_sink
FuelsEndUse,BR_AL_Sugarcane_notused,co2_sink,0,Sugarcane,TRUE,FALSE,sugarcane_harvested_BR_AL,Sugarcane,TRUE,FALSE,sugarcane_notused_BR,CO2,TRUE,FALSE,co2_sink
FuelsEndUse,BR_AP_Sugarcane_notused,co2_sink,0,Sugarcane,TRUE,FALSE,sugarcane_harvested_BR_AP,Sugarcane,TRUE,FALSE,sugarcane_notused_BR,CO2,TRUE,FALSE,co2_sink
FuelsEndUse,BR_AM_Sugarcane_notused,co2_sink,0,Sugarcane,TRUE,FALSE,sugarcane_harvested_BR_AM,Sugarcane,TRUE,FALSE,sugarcane_notused_BR,CO2,TRUE,FALSE,co2_sink
FuelsEndUse,BR_BA_Sugarcane_notused,co2_sink,0,Sugarcane,TRUE,FALSE,sugarcane_harvested_BR_BA,Sugarcane,TRUE,FALSE,sugarcane_notused_BR,CO2,TRUE,FALSE,co2_sink
FuelsEndUse,BR_CE_Sugarcane_notused,co2_sink,0,Sugarcane,TRUE,FALSE,sugarcane_harvested_BR_CE,Sugarcane,TRUE,FALSE,sugarcane_notused_BR,CO2,TRUE,FALSE,co2_sink
FuelsEndUse,BR_DF_Sugarcane_notused,co2_sink,0,Sugarcane,TRUE,FALSE,sugarcane_harvested_BR_DF,Sugarcane,TRUE,FALSE,sugarcane_notused_BR,CO2,TRUE,FALSE,co2_sink
FuelsEndUse,BR_ES_Sugarcane_notused,co2_sink,0,Sugarcane,TRUE,FALSE,sugarcane_harvested_BR_ES,Sugarcane,TRUE,FALSE,sugarcane_notused_BR,CO2,TRUE,FALSE,co2_sink
FuelsEndUse,BR_GO_Sugarcane_notused,co2_sink,0,Sugarcane,TRUE,FALSE,sugarcane_harvested_BR_GO,Sugarcane,TRUE,FALSE,sugarcane_notused_BR,CO2,TRUE,FALSE,co2_sink
FuelsEndUse,BR_MA_Sugarcane_notused,co2_sink,0,Sugarcane,TRUE,FALSE,sugarcane_harvested_BR_MA,Sugarcane,TRUE,FALSE,sugarcane_notused_BR,CO2,TRUE,FALSE,co2_sink
FuelsEndUse,BR_MT_Sugarcane_notused,co2_sink,0,Sugarcane,TRUE,FALSE,sugarcane_harvested_BR_MT,Sugarcane,TRUE,FALSE,sugarcane_notused_BR,CO2,TRUE,FALSE,co2_sink
FuelsEndUse,BR_MS_Sugarcane_notused,co2_sink,0,Sugarcane,TRUE,FALSE,sugarcane_harvested_BR_MS,Sugarcane,TRUE,FALSE,sugarcane_notused_BR,CO2,TRUE,FALSE,co2_sink
FuelsEndUse,BR_MG_Sugarcane_notused,co2_sink,0,Sugarcane,TRUE,FALSE,sugarcane_harvested_BR_MG,Sugarcane,TRUE,FALSE,sugarcane_notused_BR,CO2,TRUE,FALSE,co2_sink
FuelsEndUse,BR_PA_Sugarcane_notused,co2_sink,0,Sugarcane,TRUE,FALSE,sugarcane_harvested_BR_PA,Sugarcane,TRUE,FALSE,sugarcane_notused_BR,CO2,TRUE,FALSE,co2_sink
FuelsEndUse,BR_PB_Sugarcane_notused,co2_sink,0,Sugarcane,TRUE,FALSE,sugarcane_harvested_BR_PB,Sugarcane,TRUE,FALSE,sugarcane_notused_BR,CO2,TRUE,FALSE,co2_sink
FuelsEndUse,BR_PR_Sugarcane_notused,co2_sink,0,Sugarcane,TRUE,FALSE,sugarcane_harvested_BR_PR,Sugarcane,TRUE,FALSE,sugarcane_notused_BR,CO2,TRUE,FALSE,co2_sink
FuelsEndUse,BR_PE_Sugarcane_notused,co2_sink,0,Sugarcane,TRUE,FALSE,sugarcane_harvested_BR_PE,Sugarcane,TRUE,FALSE,sugarcane_notused_BR,CO2,TRUE,FALSE,co2_sink
FuelsEndUse,BR_PI_Sugarcane_notused,co2_sink,0,Sugarcane,TRUE,FALSE,sugarcane_harvested_BR_PI,Sugarcane,TRUE,FALSE,sugarcane_notused_BR,CO2,TRUE,FALSE,co2_sink
FuelsEndUse,BR_RJ_Sugarcane_notused,co2_sink,0,Sugarcane,TRUE,FALSE,sugarcane_harvested_BR_RJ,Sugarcane,TRUE,FALSE,sugarcane_notused_BR,CO2,TRUE,FALSE,co2_sink
FuelsEndUse,BR_RN_Sugarcane_notused,co2_sink,0,Sugarcane,TRUE,FALSE,sugarcane_harvested_BR_RN,Sugarcane,TRUE,FALSE,sugarcane_notused_BR,CO2,TRUE,FALSE,co2_sink
FuelsEndUse,BR_RS_Sugarcane_notused,co2_sink,0,Sugarcane,TRUE,FALSE,sugarcane_harvested_BR_RS,Sugarcane,TRUE,FALSE,sugarcane_notused_BR,CO2,TRUE,FALSE,co2_sink
FuelsEndUse,BR_RO_Sugarcane_notused,co2_sink,0,Sugarcane,TRUE,FALSE,sugarcane_harvested_BR_RO,Sugarcane,TRUE,FALSE,sugarcane_notused_BR,CO2,TRUE,FALSE,co2_sink
FuelsEndUse,BR_RR_Sugarcane_notused,co2_sink,0,Sugarcane,TRUE,FALSE,sugarcane_harvested_BR_RR,Sugarcane,TRUE,FALSE,sugarcane_notused_BR,CO2,TRUE,FALSE,co2_sink
FuelsEndUse,BR_SC_Sugarcane_notused,co2_sink,0,Sugarcane,TRUE,FALSE,sugarcane_harvested_BR_SC,Sugarcane,TRUE,FALSE,sugarcane_notused_BR,CO2,TRUE,FALSE,co2_sink
FuelsEndUse,BR_SP_Sugarcane_notused,co2_sink,0,Sugarcane,TRUE,FALSE,sugarcane_harvested_BR_SP,Sugarcane,TRUE,FALSE,sugarcane_notused_BR,CO2,TRUE,FALSE,co2_sink
FuelsEndUse,BR_SE_Sugarcane_notused,co2_sink,0,Sugarcane,TRUE,FALSE,sugarcane_harvested_BR_SE,Sugarcane,TRUE,FALSE,sugarcane_notused_BR,CO2,TRUE,FALSE,co2_sink
FuelsEndUse,BR_TO_Sugarcane_notused,co2_sink,0,Sugarcane,TRUE,FALSE,sugarcane_harvested_BR_TO,Sugarcane,TRUE,FALSE,sugarcane_notused_BR,CO2,TRUE,FALSE,co2_sink
FuelsEndUse,BR_Ammonia_Use,co2_sink,0,Ammonia,TRUE,FALSE,nh3_BR,Ammonia,TRUE,FALSE,nh3_demand_BR,CO2,TRUE,FALSE,co2_sink
FuelsEndUse,BR_Hydrogen_Use,co2_sink,0,Hydrogen,TRUE,FALSE,h2_BR,Hydrogen,TRUE,FALSE,h2_demand_BR,CO2,TRUE,FALSE,co2_sink
FuelsEndUse,BR_GreenDiesel_Use,co2_sink,0.25,GreenDiesel,TRUE,FALSE,greendiesel_BR,GreenDiesel,TRUE,FALSE,greendiesel_demand_BR,CO2,TRUE,FALSE,co2_sink
FuelsEndUse,BR_Gasoline_Use,co2_sink,0.24,Gasoline,TRUE,FALSE,gasoline_BR,Gasoline,TRUE,FALSE,gasoline_demand_BR,CO2,TRUE,FALSE,co2_sink
FuelsEndUse,BR_EthanolEndUse,co2_sink,0.232,Ethanol,TRUE,FALSE,ethanol_BR,Ethanol,TRUE,FALSE,ethanol_demand_BR,CO2,TRUE,FALSE,co2_sink
FuelsEndUse,BR_Biomethane_Use,co2_sink,0.18,Biomethane,TRUE,FALSE,ch4_BR,Biomethane,TRUE,FALSE,ch4_demand_BR,CO2,TRUE,FALSE,co2_sink
FuelsEndUse,BR_BioDiesel_Use,co2_sink,0.253,BioDiesel,TRUE,FALSE,biodiesel_BR,BioDiesel,TRUE,FALSE,biodiesel_demand_BR,CO2,TRUE,FALSE,co2_sink
FuelsEndUse,BR_JetFuel_Use,co2_sink,0.258,JetFuel,TRUE,FALSE,jetfuel_BR,JetFuel,TRUE,FALSE,jetfuel_demand_BR,CO2,TRUE,FALSE,co2_sink
FuelsEndUse,BR_AC_Soybean_notused,co2_sink,0,Soybean,TRUE,FALSE,soybean_harvested_BR_AC,Corn,TRUE,FALSE,soybean_notused_BR,CO2,TRUE,FALSE,co2_sink
FuelsEndUse,BR_AL_Soybean_notused,co2_sink,0,Soybean,TRUE,FALSE,soybean_harvested_BR_AL,Corn,TRUE,FALSE,soybean_notused_BR,CO2,TRUE,FALSE,co2_sink
FuelsEndUse,BR_AP_Soybean_notused,co2_sink,0,Soybean,TRUE,FALSE,soybean_harvested_BR_AP,Corn,TRUE,FALSE,soybean_notused_BR,CO2,TRUE,FALSE,co2_sink
FuelsEndUse,BR_AM_Soybean_notused,co2_sink,0,Soybean,TRUE,FALSE,soybean_harvested_BR_AM,Corn,TRUE,FALSE,soybean_notused_BR,CO2,TRUE,FALSE,co2_sink
FuelsEndUse,BR_BA_Soybean_notused,co2_sink,0,Soybean,TRUE,FALSE,soybean_harvested_BR_BA,Corn,TRUE,FALSE,soybean_notused_BR,CO2,TRUE,FALSE,co2_sink
FuelsEndUse,BR_CE_Soybean_notused,co2_sink,0,Soybean,TRUE,FALSE,soybean_harvested_BR_CE,Corn,TRUE,FALSE,soybean_notused_BR,CO2,TRUE,FALSE,co2_sink
FuelsEndUse,BR_DF_Soybean_notused,co2_sink,0,Soybean,TRUE,FALSE,soybean_harvested_BR_DF,Corn,TRUE,FALSE,soybean_notused_BR,CO2,TRUE,FALSE,co2_sink
FuelsEndUse,BR_ES_Soybean_notused,co2_sink,0,Soybean,TRUE,FALSE,soybean_harvested_BR_ES,Corn,TRUE,FALSE,soybean_notused_BR,CO2,TRUE,FALSE,co2_sink
FuelsEndUse,BR_GO_Soybean_notused,co2_sink,0,Soybean,TRUE,FALSE,soybean_harvested_BR_GO,Corn,TRUE,FALSE,soybean_notused_BR,CO2,TRUE,FALSE,co2_sink
FuelsEndUse,BR_MA_Soybean_notused,co2_sink,0,Soybean,TRUE,FALSE,soybean_harvested_BR_MA,Corn,TRUE,FALSE,soybean_notused_BR,CO2,TRUE,FALSE,co2_sink
FuelsEndUse,BR_MT_Soybean_notused,co2_sink,0,Soybean,TRUE,FALSE,soybean_harvested_BR_MT,Corn,TRUE,FALSE,soybean_notused_BR,CO2,TRUE,FALSE,co2_sink
FuelsEndUse,BR_MS_Soybean_notused,co2_sink,0,Soybean,TRUE,FALSE,soybean_harvested_BR_MS,Corn,TRUE,FALSE,soybean_notused_BR,CO2,TRUE,FALSE,co2_sink
FuelsEndUse,BR_MG_Soybean_notused,co2_sink,0,Soybean,TRUE,FALSE,soybean_harvested_BR_MG,Corn,TRUE,FALSE,soybean_notused_BR,CO2,TRUE,FALSE,co2_sink
FuelsEndUse,BR_PA_Soybean_notused,co2_sink,0,Soybean,TRUE,FALSE,soybean_harvested_BR_PA,Corn,TRUE,FALSE,soybean_notused_BR,CO2,TRUE,FALSE,co2_sink
FuelsEndUse,BR_PB_Soybean_notused,co2_sink,0,Soybean,TRUE,FALSE,soybean_harvested_BR_PB,Corn,TRUE,FALSE,soybean_notused_BR,CO2,TRUE,FALSE,co2_sink
FuelsEndUse,BR_PR_Soybean_notused,co2_sink,0,Soybean,TRUE,FALSE,soybean_harvested_BR_PR,Corn,TRUE,FALSE,soybean_notused_BR,CO2,TRUE,FALSE,co2_sink
FuelsEndUse,BR_PE_Soybean_notused,co2_sink,0,Soybean,TRUE,FALSE,soybean_harvested_BR_PE,Corn,TRUE,FALSE,soybean_notused_BR,CO2,TRUE,FALSE,co2_sink
FuelsEndUse,BR_PI_Soybean_notused,co2_sink,0,Soybean,TRUE,FALSE,soybean_harvested_BR_PI,Corn,TRUE,FALSE,soybean_notused_BR,CO2,TRUE,FALSE,co2_sink
FuelsEndUse,BR_RJ_Soybean_notused,co2_sink,0,Soybean,TRUE,FALSE,soybean_harvested_BR_RJ,Corn,TRUE,FALSE,soybean_notused_BR,CO2,TRUE,FALSE,co2_sink
FuelsEndUse,BR_RN_Soybean_notused,co2_sink,0,Soybean,TRUE,FALSE,soybean_harvested_BR_RN,Corn,TRUE,FALSE,soybean_notused_BR,CO2,TRUE,FALSE,co2_sink
FuelsEndUse,BR_RS_Soybean_notused,co2_sink,0,Soybean,TRUE,FALSE,soybean_harvested_BR_RS,Corn,TRUE,FALSE,soybean_notused_BR,CO2,TRUE,FALSE,co2_sink
FuelsEndUse,BR_RO_Soybean_notused,co2_sink,0,Soybean,TRUE,FALSE,soybean_harvested_BR_RO,Corn,TRUE,FALSE,soybean_notused_BR,CO2,TRUE,FALSE,co2_sink
FuelsEndUse,BR_RR_Soybean_notused,co2_sink,0,Soybean,TRUE,FALSE,soybean_harvested_BR_RR,Corn,TRUE,FALSE,soybean_notused_BR,CO2,TRUE,FALSE,co2_sink
FuelsEndUse,BR_SC_Soybean_notused,co2_sink,0,Soybean,TRUE,FALSE,soybean_harvested_BR_SC,Corn,TRUE,FALSE,soybean_notused_BR,CO2,TRUE,FALSE,co2_sink
FuelsEndUse,BR_SP_Soybean_notused,co2_sink,0,Soybean,TRUE,FALSE,soybean_harvested_BR_SP,Corn,TRUE,FALSE,soybean_notused_BR,CO2,TRUE,FALSE,co2_sink
FuelsEndUse,BR_SE_Soybean_notused,co2_sink,0,Soybean,TRUE,FALSE,soybean_harvested_BR_SE,Corn,TRUE,FALSE,soybean_notused_BR,CO2,TRUE,FALSE,co2_sink
FuelsEndUse,BR_TO_Soybean_notused,co2_sink,0,Soybean,TRUE,FALSE,soybean_harvested_BR_TO,Corn,TRUE,FALSE,soybean_notused_BR,CO2,TRUE,FALSE,co2_sink
FuelsEndUse,BR_AC_Corn_notused,co2_sink,0,Corn,TRUE,FALSE,corn_harvested_BR_AC,Corn,TRUE,FALSE,corn_notused_BR,CO2,TRUE,FALSE,co2_sink
FuelsEndUse,BR_AL_Corn_notused,co2_sink,0,Corn,TRUE,FALSE,corn_harvested_BR_AL,Corn,TRUE,FALSE,corn_notused_BR,CO2,TRUE,FALSE,co2_sink
FuelsEndUse,BR_AP_Corn_notused,co2_sink,0,Corn,TRUE,FALSE,corn_harvested_BR_AP,Corn,TRUE,FALSE,corn_notused_BR,CO2,TRUE,FALSE,co2_sink
FuelsEndUse,BR_AM_Corn_notused,co2_sink,0,Corn,TRUE,FALSE,corn_harvested_BR_AM,Corn,TRUE,FALSE,corn_notused_BR,CO2,TRUE,FALSE,co2_sink
FuelsEndUse,BR_BA_Corn_notused,co2_sink,0,Corn,TRUE,FALSE,corn_harvested_BR_BA,Corn,TRUE,FALSE,corn_notused_BR,CO2,TRUE,FALSE,co2_sink
FuelsEndUse,BR_CE_Corn_notused,co2_sink,0,Corn,TRUE,FALSE,corn_harvested_BR_CE,Corn,TRUE,FALSE,corn_notused_BR,CO2,TRUE,FALSE,co2_sink
FuelsEndUse,BR_DF_Corn_notused,co2_sink,0,Corn,TRUE,FALSE,corn_harvested_BR_DF,Corn,TRUE,FALSE,corn_notused_BR,CO2,TRUE,FALSE,co2_sink
FuelsEndUse,BR_ES_Corn_notused,co2_sink,0,Corn,TRUE,FALSE,corn_harvested_BR_ES,Corn,TRUE,FALSE,corn_notused_BR,CO2,TRUE,FALSE,co2_sink
FuelsEndUse,BR_GO_Corn_notused,co2_sink,0,Corn,TRUE,FALSE,corn_harvested_BR_GO,Corn,TRUE,FALSE,corn_notused_BR,CO2,TRUE,FALSE,co2_sink
FuelsEndUse,BR_MA_Corn_notused,co2_sink,0,Corn,TRUE,FALSE,corn_harvested_BR_MA,Corn,TRUE,FALSE,corn_notused_BR,CO2,TRUE,FALSE,co2_sink
FuelsEndUse,BR_MT_Corn_notused,co2_sink,0,Corn,TRUE,FALSE,corn_harvested_BR_MT,Corn,TRUE,FALSE,corn_notused_BR,CO2,TRUE,FALSE,co2_sink
FuelsEndUse,BR_MS_Corn_notused,co2_sink,0,Corn,TRUE,FALSE,corn_harvested_BR_MS,Corn,TRUE,FALSE,corn_notused_BR,CO2,TRUE,FALSE,co2_sink
FuelsEndUse,BR_MG_Corn_notused,co2_sink,0,Corn,TRUE,FALSE,corn_harvested_BR_MG,Corn,TRUE,FALSE,corn_notused_BR,CO2,TRUE,FALSE,co2_sink
FuelsEndUse,BR_PA_Corn_notused,co2_sink,0,Corn,TRUE,FALSE,corn_harvested_BR_PA,Corn,TRUE,FALSE,corn_notused_BR,CO2,TRUE,FALSE,co2_sink
FuelsEndUse,BR_PB_Corn_notused,co2_sink,0,Corn,TRUE,FALSE,corn_harvested_BR_PB,Corn,TRUE,FALSE,corn_notused_BR,CO2,TRUE,FALSE,co2_sink
FuelsEndUse,BR_PR_Corn_notused,co2_sink,0,Corn,TRUE,FALSE,corn_harvested_BR_PR,Corn,TRUE,FALSE,corn_notused_BR,CO2,TRUE,FALSE,co2_sink
FuelsEndUse,BR_PE_Corn_notused,co2_sink,0,Corn,TRUE,FALSE,corn_harvested_BR_PE,Corn,TRUE,FALSE,corn_notused_BR,CO2,TRUE,FALSE,co2_sink
FuelsEndUse,BR_PI_Corn_notused,co2_sink,0,Corn,TRUE,FALSE,corn_harvested_BR_PI,Corn,TRUE,FALSE,corn_notused_BR,CO2,TRUE,FALSE,co2_sink
FuelsEndUse,BR_RJ_Corn_notused,co2_sink,0,Corn,TRUE,FALSE,corn_harvested_BR_RJ,Corn,TRUE,FALSE,corn_notused_BR,CO2,TRUE,FALSE,co2_sink
FuelsEndUse,BR_RN_Corn_notused,co2_sink,0,Corn,TRUE,FALSE,corn_harvested_BR_RN,Corn,TRUE,FALSE,corn_notused_BR,CO2,TRUE,FALSE,co2_sink
FuelsEndUse,BR_RS_Corn_notused,co2_sink,0,Corn,TRUE,FALSE,corn_harvested_BR_RS,Corn,TRUE,FALSE,corn_notused_BR,CO2,TRUE,FALSE,co2_sink
FuelsEndUse,BR_RO_Corn_notused,co2_sink,0,Corn,TRUE,FALSE,corn_harvested_BR_RO,Corn,TRUE,FALSE,corn_notused_BR,CO2,TRUE,FALSE,co2_sink
FuelsEndUse,BR_RR_Corn_notused,co2_sink,0,Corn,TRUE,FALSE,corn_harvested_BR_RR,Corn,TRUE,FALSE,corn_notused_BR,CO2,TRUE,FALSE,co2_sink
FuelsEndUse,BR_SC_Corn_notused,co2_sink,0,Corn,TRUE,FALSE,corn_harvested_BR_SC,Corn,TRUE,FALSE,corn_notused_BR,CO2,TRUE,FALSE,co2_sink
FuelsEndUse,BR_SP_Corn_notused,co2_sink,0,Corn,TRUE,FALSE,corn_harvested_BR_SP,Corn,TRUE,FALSE,corn_notused_BR,CO2,TRUE,FALSE,co2_sink
FuelsEndUse,BR_SE_Corn_notused,co2_sink,0,Corn,TRUE,FALSE,corn_harvested_BR_SE,Corn,TRUE,FALSE,corn_notused_BR,CO2,TRUE,FALSE,co2_sink
FuelsEndUse,BR_TO_Corn_notused,co2_sink,0,Corn,TRUE,FALSE,corn_harvested_BR_TO,Corn,TRUE,FALSE,corn_notused_BR,CO2,TRUE,FALSE,co2_sink
FuelsEndUse,BR_AC_soybean_residue_notused,co2_sink,0,Soybean,TRUE,FALSE,soybean_residue_processed_BR_AC,Soybean,TRUE,FALSE,soybean_notused_BR,CO2,TRUE,FALSE,co2_sink
FuelsEndUse,BR_AL_soybean_residue_notused,co2_sink,0,Soybean,TRUE,FALSE,soybean_residue_processed_BR_AL,Soybean,TRUE,FALSE,soybean_notused_BR,CO2,TRUE,FALSE,co2_sink
FuelsEndUse,BR_AP_soybean_residue_notused,co2_sink,0,Soybean,TRUE,FALSE,soybean_residue_processed_BR_AP,Soybean,TRUE,FALSE,soybean_notused_BR,CO2,TRUE,FALSE,co2_sink
FuelsEndUse,BR_AM_soybean_residue_notused,co2_sink,0,Soybean,TRUE,FALSE,soybean_residue_processed_BR_AM,Soybean,TRUE,FALSE,soybean_notused_BR,CO2,TRUE,FALSE,co2_sink
FuelsEndUse,BR_BA_soybean_residue_notused,co2_sink,0,Soybean,TRUE,FALSE,soybean_residue_processed_BR_BA,Soybean,TRUE,FALSE,soybean_notused_BR,CO2,TRUE,FALSE,co2_sink
FuelsEndUse,BR_CE_soybean_residue_notused,co2_sink,0,Soybean,TRUE,FALSE,soybean_residue_processed_BR_CE,Soybean,TRUE,FALSE,soybean_notused_BR,CO2,TRUE,FALSE,co2_sink
FuelsEndUse,BR_DF_soybean_residue_notused,co2_sink,0,Soybean,TRUE,FALSE,soybean_residue_processed_BR_DF,Soybean,TRUE,FALSE,soybean_notused_BR,CO2,TRUE,FALSE,co2_sink
FuelsEndUse,BR_ES_soybean_residue_notused,co2_sink,0,Soybean,TRUE,FALSE,soybean_residue_processed_BR_ES,Soybean,TRUE,FALSE,soybean_notused_BR,CO2,TRUE,FALSE,co2_sink
FuelsEndUse,BR_GO_soybean_residue_notused,co2_sink,0,Soybean,TRUE,FALSE,soybean_residue_processed_BR_GO,Soybean,TRUE,FALSE,soybean_notused_BR,CO2,TRUE,FALSE,co2_sink
FuelsEndUse,BR_MA_soybean_residue_notused,co2_sink,0,Soybean,TRUE,FALSE,soybean_residue_processed_BR_MA,Soybean,TRUE,FALSE,soybean_notused_BR,CO2,TRUE,FALSE,co2_sink
FuelsEndUse,BR_MT_soybean_residue_notused,co2_sink,0,Soybean,TRUE,FALSE,soybean_residue_processed_BR_MT,Soybean,TRUE,FALSE,soybean_notused_BR,CO2,TRUE,FALSE,co2_sink
FuelsEndUse,BR_MS_soybean_residue_notused,co2_sink,0,Soybean,TRUE,FALSE,soybean_residue_processed_BR_MS,Soybean,TRUE,FALSE,soybean_notused_BR,CO2,TRUE,FALSE,co2_sink
FuelsEndUse,BR_MG_soybean_residue_notused,co2_sink,0,Soybean,TRUE,FALSE,soybean_residue_processed_BR_MG,Soybean,TRUE,FALSE,soybean_notused_BR,CO2,TRUE,FALSE,co2_sink
FuelsEndUse,BR_PA_soybean_residue_notused,co2_sink,0,Soybean,TRUE,FALSE,soybean_residue_processed_BR_PA,Soybean,TRUE,FALSE,soybean_notused_BR,CO2,TRUE,FALSE,co2_sink
FuelsEndUse,BR_PB_soybean_residue_notused,co2_sink,0,Soybean,TRUE,FALSE,soybean_residue_processed_BR_PB,Soybean,TRUE,FALSE,soybean_notused_BR,CO2,TRUE,FALSE,co2_sink
FuelsEndUse,BR_PR_soybean_residue_notused,co2_sink,0,Soybean,TRUE,FALSE,soybean_residue_processed_BR_PR,Soybean,TRUE,FALSE,soybean_notused_BR,CO2,TRUE,FALSE,co2_sink
FuelsEndUse,BR_PE_soybean_residue_notused,co2_sink,0,Soybean,TRUE,FALSE,soybean_residue_processed_BR_PE,Soybean,TRUE,FALSE,soybean_notused_BR,CO2,TRUE,FALSE,co2_sink
FuelsEndUse,BR_PI_soybean_residue_notused,co2_sink,0,Soybean,TRUE,FALSE,soybean_residue_processed_BR_PI,Soybean,TRUE,FALSE,soybean_notused_BR,CO2,TRUE,FALSE,co2_sink
FuelsEndUse,BR_RJ_soybean_residue_notused,co2_sink,0,Soybean,TRUE,FALSE,soybean_residue_processed_BR_RJ,Soybean,TRUE,FALSE,soybean_notused_BR,CO2,TRUE,FALSE,co2_sink
FuelsEndUse,BR_RN_soybean_residue_notused,co2_sink,0,Soybean,TRUE,FALSE,soybean_residue_processed_BR_RN,Soybean,TRUE,FALSE,soybean_notused_BR,CO2,TRUE,FALSE,co2_sink
FuelsEndUse,BR_RS_soybean_residue_notused,co2_sink,0,Soybean,TRUE,FALSE,soybean_residue_processed_BR_RS,Soybean,TRUE,FALSE,soybean_notused_BR,CO2,TRUE,FALSE,co2_sink
FuelsEndUse,BR_RO_soybean_residue_notused,co2_sink,0,Soybean,TRUE,FALSE,soybean_residue_processed_BR_RO,Soybean,TRUE,FALSE,soybean_notused_BR,CO2,TRUE,FALSE,co2_sink
FuelsEndUse,BR_RR_soybean_residue_notused,co2_sink,0,Soybean,TRUE,FALSE,soybean_residue_processed_BR_RR,Soybean,TRUE,FALSE,soybean_notused_BR,CO2,TRUE,FALSE,co2_sink
FuelsEndUse,BR_SC_soybean_residue_notused,co2_sink,0,Soybean,TRUE,FALSE,soybean_residue_processed_BR_SC,Soybean,TRUE,FALSE,soybean_notused_BR,CO2,TRUE,FALSE,co2_sink
FuelsEndUse,BR_SP_soybean_residue_notused,co2_sink,0,Soybean,TRUE,FALSE,soybean_residue_processed_BR_SP,Soybean,TRUE,FALSE,soybean_notused_BR,CO2,TRUE,FALSE,co2_sink
FuelsEndUse,BR_SE_soybean_residue_notused,co2_sink,0,Soybean,TRUE,FALSE,soybean_residue_processed_BR_SE,Soybean,TRUE,FALSE,soybean_notused_BR,CO2,TRUE,FALSE,co2_sink
FuelsEndUse,BR_TO_soybean_residue_notused,co2_sink,0,Soybean,TRUE,FALSE,soybean_residue_processed_BR_TO,Soybean,TRUE,FALSE,soybean_notused_BR,CO2,TRUE,FALSE,co2_sink
FuelsEndUse,BR_AC_sugarcane_straw_notused,co2_sink,0,Sugarcane,TRUE,FALSE,sugarcane_straw_processed_BR_AC,Sugarcane,TRUE,FALSE,sugarcane_notused_BR,CO2,TRUE,FALSE,co2_sink
FuelsEndUse,BR_AL_sugarcane_straw_notused,co2_sink,0,Sugarcane,TRUE,FALSE,sugarcane_straw_processed_BR_AL,Sugarcane,TRUE,FALSE,sugarcane_notused_BR,CO2,TRUE,FALSE,co2_sink
FuelsEndUse,BR_AP_sugarcane_straw_notused,co2_sink,0,Sugarcane,TRUE,FALSE,sugarcane_straw_processed_BR_AP,Sugarcane,TRUE,FALSE,sugarcane_notused_BR,CO2,TRUE,FALSE,co2_sink
FuelsEndUse,BR_AM_sugarcane_straw_notused,co2_sink,0,Sugarcane,TRUE,FALSE,sugarcane_straw_processed_BR_AM,Sugarcane,TRUE,FALSE,sugarcane_notused_BR,CO2,TRUE,FALSE,co2_sink
FuelsEndUse,BR_BA_sugarcane_straw_notused,co2_sink,0,Sugarcane,TRUE,FALSE,sugarcane_straw_processed_BR_BA,Sugarcane,TRUE,FALSE,sugarcane_notused_BR,CO2,TRUE,FALSE,co2_sink
FuelsEndUse,BR_CE_sugarcane_straw_notused,co2_sink,0,Sugarcane,TRUE,FALSE,sugarcane_straw_processed_BR_CE,Sugarcane,TRUE,FALSE,sugarcane_notused_BR,CO2,TRUE,FALSE,co2_sink
FuelsEndUse,BR_DF_sugarcane_straw_notused,co2_sink,0,Sugarcane,TRUE,FALSE,sugarcane_straw_processed_BR_DF,Sugarcane,TRUE,FALSE,sugarcane_notused_BR,CO2,TRUE,FALSE,co2_sink
FuelsEndUse,BR_ES_sugarcane_straw_notused,co2_sink,0,Sugarcane,TRUE,FALSE,sugarcane_straw_processed_BR_ES,Sugarcane,TRUE,FALSE,sugarcane_notused_BR,CO2,TRUE,FALSE,co2_sink
FuelsEndUse,BR_GO_sugarcane_straw_notused,co2_sink,0,Sugarcane,TRUE,FALSE,sugarcane_straw_processed_BR_GO,Sugarcane,TRUE,FALSE,sugarcane_notused_BR,CO2,TRUE,FALSE,co2_sink
FuelsEndUse,BR_MA_sugarcane_straw_notused,co2_sink,0,Sugarcane,TRUE,FALSE,sugarcane_straw_processed_BR_MA,Sugarcane,TRUE,FALSE,sugarcane_notused_BR,CO2,TRUE,FALSE,co2_sink
FuelsEndUse,BR_MT_sugarcane_straw_notused,co2_sink,0,Sugarcane,TRUE,FALSE,sugarcane_straw_processed_BR_MT,Sugarcane,TRUE,FALSE,sugarcane_notused_BR,CO2,TRUE,FALSE,co2_sink
FuelsEndUse,BR_MS_sugarcane_straw_notused,co2_sink,0,Sugarcane,TRUE,FALSE,sugarcane_straw_processed_BR_MS,Sugarcane,TRUE,FALSE,sugarcane_notused_BR,CO2,TRUE,FALSE,co2_sink
FuelsEndUse,BR_MG_sugarcane_straw_notused,co2_sink,0,Sugarcane,TRUE,FALSE,sugarcane_straw_processed_BR_MG,Sugarcane,TRUE,FALSE,sugarcane_notused_BR,CO2,TRUE,FALSE,co2_sink
FuelsEndUse,BR_PA_sugarcane_straw_notused,co2_sink,0,Sugarcane,TRUE,FALSE,sugarcane_straw_processed_BR_PA,Sugarcane,TRUE,FALSE,sugarcane_notused_BR,CO2,TRUE,FALSE,co2_sink
FuelsEndUse,BR_PB_sugarcane_straw_notused,co2_sink,0,Sugarcane,TRUE,FALSE,sugarcane_straw_processed_BR_PB,Sugarcane,TRUE,FALSE,sugarcane_notused_BR,CO2,TRUE,FALSE,co2_sink
FuelsEndUse,BR_PR_sugarcane_straw_notused,co2_sink,0,Sugarcane,TRUE,FALSE,sugarcane_straw_processed_BR_PR,Sugarcane,TRUE,FALSE,sugarcane_notused_BR,CO2,TRUE,FALSE,co2_sink
FuelsEndUse,BR_PE_sugarcane_straw_notused,co2_sink,0,Sugarcane,TRUE,FALSE,sugarcane_straw_processed_BR_PE,Sugarcane,TRUE,FALSE,sugarcane_notused_BR,CO2,TRUE,FALSE,co2_sink
FuelsEndUse,BR_PI_sugarcane_straw_notused,co2_sink,0,Sugarcane,TRUE,FALSE,sugarcane_straw_processed_BR_PI,Sugarcane,TRUE,FALSE,sugarcane_notused_BR,CO2,TRUE,FALSE,co2_sink
FuelsEndUse,BR_RJ_sugarcane_straw_notused,co2_sink,0,Sugarcane,TRUE,FALSE,sugarcane_straw_processed_BR_RJ,Sugarcane,TRUE,FALSE,sugarcane_notused_BR,CO2,TRUE,FALSE,co2_sink
FuelsEndUse,BR_RN_sugarcane_straw_notused,co2_sink,0,Sugarcane,TRUE,FALSE,sugarcane_straw_processed_BR_RN,Sugarcane,TRUE,FALSE,sugarcane_notused_BR,CO2,TRUE,FALSE,co2_sink
FuelsEndUse,BR_RS_sugarcane_straw_notused,co2_sink,0,Sugarcane,TRUE,FALSE,sugarcane_straw_processed_BR_RS,Sugarcane,TRUE,FALSE,sugarcane_notused_BR,CO2,TRUE,FALSE,co2_sink
FuelsEndUse,BR_RO_sugarcane_straw_notused,co2_sink,0,Sugarcane,TRUE,FALSE,sugarcane_straw_processed_BR_RO,Sugarcane,TRUE,FALSE,sugarcane_notused_BR,CO2,TRUE,FALSE,co2_sink
FuelsEndUse,BR_RR_sugarcane_straw_notused,co2_sink,0,Sugarcane,TRUE,FALSE,sugarcane_straw_processed_BR_RR,Sugarcane,TRUE,FALSE,sugarcane_notused_BR,CO2,TRUE,FALSE,co2_sink
FuelsEndUse,BR_SC_sugarcane_straw_notused,co2_sink,0,Sugarcane,TRUE,FALSE,sugarcane_straw_processed_BR_SC,Sugarcane,TRUE,FALSE,sugarcane_notused_BR,CO2,TRUE,FALSE,co2_sink
FuelsEndUse,BR_SP_sugarcane_straw_notused,co2_sink,0,Sugarcane,TRUE,FALSE,sugarcane_straw_processed_BR_SP,Sugarcane,TRUE,FALSE,sugarcane_notused_BR,CO2,TRUE,FALSE,co2_sink
FuelsEndUse,BR_SE_sugarcane_straw_notused,co2_sink,0,Sugarcane,TRUE,FALSE,sugarcane_straw_processed_BR_SE,Sugarcane,TRUE,FALSE,sugarcane_notused_BR,CO2,TRUE,FALSE,co2_sink
FuelsEndUse,BR_TO_sugarcane_straw_notused,co2_sink,0,Sugarcane,TRUE,FALSE,sugarcane_straw_processed_BR_TO,Sugarcane,TRUE,FALSE,sugarcane_notused_BR,CO2,TRUE,FALSE,co2_sink
FuelsEndUse,BR_AC_corn_stover_notused,co2_sink,0,Corn,TRUE,FALSE,corn_stover_processed_BR_AC,Corn,TRUE,FALSE,corn_notused_BR,CO2,TRUE,FALSE,co2_sink
FuelsEndUse,BR_AL_corn_stover_notused,co2_sink,0,Corn,TRUE,FALSE,corn_stover_processed_BR_AL,Corn,TRUE,FALSE,corn_notused_BR,CO2,TRUE,FALSE,co2_sink
FuelsEndUse,BR_AP_corn_stover_notused,co2_sink,0,Corn,TRUE,FALSE,corn_stover_processed_BR_AP,Corn,TRUE,FALSE,corn_notused_BR,CO2,TRUE,FALSE,co2_sink
FuelsEndUse,BR_AM_corn_stover_notused,co2_sink,0,Corn,TRUE,FALSE,corn_stover_processed_BR_AM,Corn,TRUE,FALSE,corn_notused_BR,CO2,TRUE,FALSE,co2_sink
FuelsEndUse,BR_BA_corn_stover_notused,co2_sink,0,Corn,TRUE,FALSE,corn_stover_processed_BR_BA,Corn,TRUE,FALSE,corn_notused_BR,CO2,TRUE,FALSE,co2_sink
FuelsEndUse,BR_CE_corn_stover_notused,co2_sink,0,Corn,TRUE,FALSE,corn_stover_processed_BR_CE,Corn,TRUE,FALSE,corn_notused_BR,CO2,TRUE,FALSE,co2_sink
FuelsEndUse,BR_DF_corn_stover_notused,co2_sink,0,Corn,TRUE,FALSE,corn_stover_processed_BR_DF,Corn,TRUE,FALSE,corn_notused_BR,CO2,TRUE,FALSE,co2_sink
FuelsEndUse,BR_ES_corn_stover_notused,co2_sink,0,Corn,TRUE,FALSE,corn_stover_processed_BR_ES,Corn,TRUE,FALSE,corn_notused_BR,CO2,TRUE,FALSE,co2_sink
FuelsEndUse,BR_GO_corn_stover_notused,co2_sink,0,Corn,TRUE,FALSE,corn_stover_processed_BR_GO,Corn,TRUE,FALSE,corn_notused_BR,CO2,TRUE,FALSE,co2_sink
FuelsEndUse,BR_MA_corn_stover_notused,co2_sink,0,Corn,TRUE,FALSE,corn_stover_processed_BR_MA,Corn,TRUE,FALSE,corn_notused_BR,CO2,TRUE,FALSE,co2_sink
FuelsEndUse,BR_MT_corn_stover_notused,co2_sink,0,Corn,TRUE,FALSE,corn_stover_processed_BR_MT,Corn,TRUE,FALSE,corn_notused_BR,CO2,TRUE,FALSE,co2_sink
FuelsEndUse,BR_MS_corn_stover_notused,co2_sink,0,Corn,TRUE,FALSE,corn_stover_processed_BR_MS,Corn,TRUE,FALSE,corn_notused_BR,CO2,TRUE,FALSE,co2_sink
FuelsEndUse,BR_MG_corn_stover_notused,co2_sink,0,Corn,TRUE,FALSE,corn_stover_processed_BR_MG,Corn,TRUE,FALSE,corn_notused_BR,CO2,TRUE,FALSE,co2_sink
FuelsEndUse,BR_PA_corn_stover_notused,co2_sink,0,Corn,TRUE,FALSE,corn_stover_processed_BR_PA,Corn,TRUE,FALSE,corn_notused_BR,CO2,TRUE,FALSE,co2_sink
FuelsEndUse,BR_PB_corn_stover_notused,co2_sink,0,Corn,TRUE,FALSE,corn_stover_processed_BR_PB,Corn,TRUE,FALSE,corn_notused_BR,CO2,TRUE,FALSE,co2_sink
FuelsEndUse,BR_PR_corn_stover_notused,co2_sink,0,Corn,TRUE,FALSE,corn_stover_processed_BR_PR,Corn,TRUE,FALSE,corn_notused_BR,CO2,TRUE,FALSE,co2_sink
FuelsEndUse,BR_PE_corn_stover_notused,co2_sink,0,Corn,TRUE,FALSE,corn_stover_processed_BR_PE,Corn,TRUE,FALSE,corn_notused_BR,CO2,TRUE,FALSE,co2_sink
FuelsEndUse,BR_PI_corn_stover_notused,co2_sink,0,Corn,TRUE,FALSE,corn_stover_processed_BR_PI,Corn,TRUE,FALSE,corn_notused_BR,CO2,TRUE,FALSE,co2_sink
FuelsEndUse,BR_RJ_corn_stover_notused,co2_sink,0,Corn,TRUE,FALSE,corn_stover_processed_BR_RJ,Corn,TRUE,FALSE,corn_notused_BR,CO2,TRUE,FALSE,co2_sink
FuelsEndUse,BR_RN_corn_stover_notused,co2_sink,0,Corn,TRUE,FALSE,corn_stover_processed_BR_RN,Corn,TRUE,FALSE,corn_notused_BR,CO2,TRUE,FALSE,co2_sink
FuelsEndUse,BR_RS_corn_stover_notused,co2_sink,0,Corn,TRUE,FALSE,corn_stover_processed_BR_RS,Corn,TRUE,FALSE,corn_notused_BR,CO2,TRUE,FALSE,co2_sink
FuelsEndUse,BR_RO_corn_stover_notused,co2_sink,0,Corn,TRUE,FALSE,corn_stover_processed_BR_RO,Corn,TRUE,FALSE,corn_notused_BR,CO2,TRUE,FALSE,co2_sink
FuelsEndUse,BR_RR_corn_stover_notused,co2_sink,0,Corn,TRUE,FALSE,corn_stover_processed_BR_RR,Corn,TRUE,FALSE,corn_notused_BR,CO2,TRUE,FALSE,co2_sink
FuelsEndUse,BR_SC_corn_stover_notused,co2_sink,0,Corn,TRUE,FALSE,corn_stover_processed_BR_SC,Corn,TRUE,FALSE,corn_notused_BR,CO2,TRUE,FALSE,co2_sink
FuelsEndUse,BR_SP_corn_stover_notused,co2_sink,0,Corn,TRUE,FALSE,corn_stover_processed_BR_SP,Corn,TRUE,FALSE,corn_notused_BR,CO2,TRUE,FALSE,co2_sink
FuelsEndUse,BR_SE_corn_stover_notused,co2_sink,0,Corn,TRUE,FALSE,corn_stover_processed_BR_SE,Corn,TRUE,FALSE,corn_notused_BR,CO2,TRUE,FALSE,co2_sink
FuelsEndUse,BR_TO_corn_stover_notused,co2_sink,0,Corn,TRUE,FALSE,corn_stover_processed_BR_TO,Corn,TRUE,FALSE,corn_notused_BR,CO2,TRUE,FALSE,co2_sink
